[{"id": 216665299, "node_id": "MDEwOlJlcG9zaXRvcnkyMTY2NjUyOTk=", "name": "-", "full_name": "SP8888/-", "private": false, "owner": {"login": "SP8888", "id": 56366931, "node_id": "MDQ6VXNlcjU2MzY2OTMx", "avatar_url": "https://avatars0.githubusercontent.com/u/56366931?v=4", "gravatar_id": "", "url": "https://api.github.com/users/SP8888", "html_url": "https://github.com/SP8888", "followers_url": "https://api.github.com/users/SP8888/followers", "following_url": "https://api.github.com/users/SP8888/following{/other_user}", "gists_url": "https://api.github.com/users/SP8888/gists{/gist_id}", "starred_url": "https://api.github.com/users/SP8888/starred{/owner}{/repo}", "subscriptions_url": "https://api.github.com/users/SP8888/subscriptions", "organizations_url": "https://api.github.com/users/SP8888/orgs", "repos_url": "https://api.github.com/users/SP8888/repos", "events_url": "https://api.github.com/users/SP8888/events{/privacy}", "received_events_url": "https://api.github.com/users/SP8888/received_events", "type": "User", "site_admin": false}, "html_url": "https://github.com/SP8888/-", "description": null, "fork": false, "url": "https://api.github.com/repos/SP8888/-", "forks_url": "https://api.github.com/repos/SP8888/-/forks", "keys_url": "https://api.github.com/repos/SP8888/-/keys{/key_id}", "collaborators_url": "https://api.github.com/repos/SP8888/-/collaborators{/collaborator}", "teams_url": "https://api.github.com/repos/SP8888/-/teams", "hooks_url": "https://api.github.com/repos/SP8888/-/hooks", "issue_events_url": "https://api.github.com/repos/SP8888/-/issues/events{/number}", "events_url": "https://api.github.com/repos/SP8888/-/events", "assignees_url": "https://api.github.com/repos/SP8888/-/assignees{/user}", "branches_url": "https://api.github.com/repos/SP8888/-/branches{/branch}", "tags_url": "https://api.github.com/repos/SP8888/-/tags", "blobs_url": "https://api.github.com/repos/SP8888/-/git/blobs{/sha}", "git_tags_url": "https://api.github.com/repos/SP8888/-/git/tags{/sha}", "git_refs_url": "https://api.github.com/repos/SP8888/-/git/refs{/sha}", "trees_url": "https://api.github.com/repos/SP8888/-/git/trees{/sha}", "statuses_url": "https://api.github.com/repos/SP8888/-/statuses/{sha}", "languages_url": "https://api.github.com/repos/SP8888/-/languages", "stargazers_url": "https://api.github.com/repos/SP8888/-/stargazers", "contributors_url": "https://api.github.com/repos/SP8888/-/contributors", "subscribers_url": "https://api.github.com/repos/SP8888/-/subscribers", "subscription_url": "https://api.github.com/repos/SP8888/-/subscription", "commits_url": "https://api.github.com/repos/SP8888/-/commits{/sha}", "git_commits_url": "https://api.github.com/repos/SP8888/-/git/commits{/sha}", "comments_url": "https://api.github.com/repos/SP8888/-/comments{/number}", "issue_comment_url": "https://api.github.com/repos/SP8888/-/issues/comments{/number}", "contents_url": "https://api.github.com/repos/SP8888/-/contents/{+path}", "compare_url": "https://api.github.com/repos/SP8888/-/compare/{base}...{head}", "merges_url": "https://api.github.com/repos/SP8888/-/merges", "archive_url": "https://api.github.com/repos/SP8888/-/{archive_format}{/ref}", "downloads_url": "https://api.github.com/repos/SP8888/-/downloads", "issues_url": "https://api.github.com/repos/SP8888/-/issues{/number}", "pulls_url": "https://api.github.com/repos/SP8888/-/pulls{/number}", "milestones_url": "https://api.github.com/repos/SP8888/-/milestones{/number}", "notifications_url": "https://api.github.com/repos/SP8888/-/notifications{?since,all,participating}", "labels_url": "https://api.github.com/repos/SP8888/-/labels{/name}", "releases_url": "https://api.github.com/repos/SP8888/-/releases{/id}", "deployments_url": "https://api.github.com/repos/SP8888/-/deployments", "created_at": "2019-10-21T21:04:47Z", "updated_at": "2019-10-21T22:17:53Z", "pushed_at": "2019-10-21T22:18:17Z", "git_url": "git://github.com/SP8888/-.git", "ssh_url": "git@github.com:SP8888/-.git", "clone_url": "https://github.com/SP8888/-.git", "svn_url": "https://github.com/SP8888/-", "homepage": null, "size": 2, "stargazers_count": 0, "watchers_count": 0, "language": "Ruby", "has_issues": true, "has_projects": true, "has_downloads": true, "has_wiki": true, "has_pages": false, "forks_count": 0, "mirror_url": null, "archived": false, "disabled": false, "open_issues_count": 0, "license": null, "forks": 0, "open_issues": 0, "watchers": 0, "default_branch": "master"}, {"id": 214010098, "node_id": "MDEwOlJlcG9zaXRvcnkyMTQwMTAwOTg=", "name": "FirstProekt", "full_name": "SP8888/FirstProekt", "private": false, "owner": {"login": "SP8888", "id": 56366931, "node_id": "MDQ6VXNlcjU2MzY2OTMx", "avatar_url": "https://avatars0.githubusercontent.com/u/56366931?v=4", "gravatar_id": "", "url": "https://api.github.com/users/SP8888", "html_url": "https://github.com/SP8888", "followers_url": "https://api.github.com/users/SP8888/followers", "following_url": "https://api.github.com/users/SP8888/following{/other_user}", "gists_url": "https://api.github.com/users/SP8888/gists{/gist_id}", "starred_url": "https://api.github.com/users/SP8888/starred{/owner}{/repo}", "subscriptions_url": "https://api.github.com/users/SP8888/subscriptions", "organizations_url": "https://api.github.com/users/SP8888/orgs", "repos_url": "https://api.github.com/users/SP8888/repos", "events_url": "https://api.github.com/users/SP8888/events{/privacy}", "received_events_url": "https://api.github.com/users/SP8888/received_events", "type": "User", "site_admin": false}, "html_url": "https://github.com/SP8888/FirstProekt", "description": null, "fork": false, "url": "https://api.github.com/repos/SP8888/FirstProekt", "forks_url": "https://api.github.com/repos/SP8888/FirstProekt/forks", "keys_url": "https://api.github.com/repos/SP8888/FirstProekt/keys{/key_id}", "collaborators_url": "https://api.github.com/repos/SP8888/FirstProekt/collaborators{/collaborator}", "teams_url": "https://api.github.com/repos/SP8888/FirstProekt/teams", "hooks_url": "https://api.github.com/repos/SP8888/FirstProekt/hooks", "issue_events_url": "https://api.github.com/repos/SP8888/FirstProekt/issues/events{/number}", "events_url": "https://api.github.com/repos/SP8888/FirstProekt/events", "assignees_url": "https://api.github.com/repos/SP8888/FirstProekt/assignees{/user}", "branches_url": "https://api.github.com/repos/SP8888/FirstProekt/branches{/branch}", "tags_url": "https://api.github.com/repos/SP8888/FirstProekt/tags", "blobs_url": "https://api.github.com/repos/SP8888/FirstProekt/git/blobs{/sha}", "git_tags_url": "https://api.github.com/repos/SP8888/FirstProekt/git/tags{/sha}", "git_refs_url": "https://api.github.com/repos/SP8888/FirstProekt/git/refs{/sha}", "trees_url": "https://api.github.com/repos/SP8888/FirstProekt/git/trees{/sha}", "statuses_url": "https://api.github.com/repos/SP8888/FirstProekt/statuses/{sha}", "languages_url": "https://api.github.com/repos/SP8888/FirstProekt/languages", "stargazers_url": "https://api.github.com/repos/SP8888/FirstProekt/stargazers", "contributors_url": "https://api.github.com/repos/SP8888/FirstProekt/contributors", "subscribers_url": "https://api.github.com/repos/SP8888/FirstProekt/subscribers", "subscription_url": "https://api.github.com/repos/SP8888/FirstProekt/subscription", "commits_url": "https://api.github.com/repos/SP8888/FirstProekt/commits{/sha}", "git_commits_url": "https://api.github.com/repos/SP8888/FirstProekt/git/commits{/sha}", "comments_url": "https://api.github.com/repos/SP8888/FirstProekt/comments{/number}", "issue_comment_url": "https://api.github.com/repos/SP8888/FirstProekt/issues/comments{/number}", "contents_url": "https://api.github.com/repos/SP8888/FirstProekt/contents/{+path}", "compare_url": "https://api.github.com/repos/SP8888/FirstProekt/compare/{base}...{head}", "merges_url": "https://api.github.com/repos/SP8888/FirstProekt/merges", "archive_url": "https://api.github.com/repos/SP8888/FirstProekt/{archive_format}{/ref}", "downloads_url": "https://api.github.com/repos/SP8888/FirstProekt/downloads", "issues_url": "https://api.github.com/repos/SP8888/FirstProekt/issues{/number}", "pulls_url": "https://api.github.com/repos/SP8888/FirstProekt/pulls{/number}", "milestones_url": "https://api.github.com/repos/SP8888/FirstProekt/milestones{/number}", "notifications_url": "https://api.github.com/repos/SP8888/FirstProekt/notifications{?since,all,participating}", "labels_url": "https://api.github.com/repos/SP8888/FirstProekt/labels{/name}", "releases_url": "https://api.github.com/repos/SP8888/FirstProekt/releases{/id}", "deployments_url": "https://api.github.com/repos/SP8888/FirstProekt/deployments", "created_at": "2019-10-09T19:49:41Z", "updated_at": "2019-10-09T19:49:41Z", "pushed_at": "2019-10-09T19:49:42Z", "git_url": "git://github.com/SP8888/FirstProekt.git", "ssh_url": "git@github.com:SP8888/FirstProekt.git", "clone_url": "https://github.com/SP8888/FirstProekt.git", "svn_url": "https://github.com/SP8888/FirstProekt", "homepage": null, "size": 0, "stargazers_count": 0, "watchers_count": 0, "language": null, "has_issues": true, "has_projects": true, "has_downloads": true, "has_wiki": true, "has_pages": false, "forks_count": 0, "mirror_url": null, "archived": false, "disabled": false, "open_issues_count": 0, "license": null, "forks": 0, "open_issues": 0, "watchers": 0, "default_branch": "master"}, {"id": 214888852, "node_id": "MDEwOlJlcG9zaXRvcnkyMTQ4ODg4NTI=", "name": "hello", "full_name": "SP8888/hello", "private": false, "owner": {"login": "SP8888", "id": 56366931, "node_id": "MDQ6VXNlcjU2MzY2OTMx", "avatar_url": "https://avatars0.githubusercontent.com/u/56366931?v=4", "gravatar_id": "", "url": "https://api.github.com/users/SP8888", "html_url": "https://github.com/SP8888", "followers_url": "https://api.github.com/users/SP8888/followers", "following_url": "https://api.github.com/users/SP8888/following{/other_user}", "gists_url": "https://api.github.com/users/SP8888/gists{/gist_id}", "starred_url": "https://api.github.com/users/SP8888/starred{/owner}{/repo}", "subscriptions_url": "https://api.github.com/users/SP8888/subscriptions", "organizations_url": "https://api.github.com/users/SP8888/orgs", "repos_url": "https://api.github.com/users/SP8888/repos", "events_url": "https://api.github.com/users/SP8888/events{/privacy}", "received_events_url": "https://api.github.com/users/SP8888/received_events", "type": "User", "site_admin": false}, "html_url": "https://github.com/SP8888/hello", "description": null, "fork": false, "url": "https://api.github.com/repos/SP8888/hello", "forks_url": "https://api.github.com/repos/SP8888/hello/forks", "keys_url": "https://api.github.com/repos/SP8888/hello/keys{/key_id}", "collaborators_url": "https://api.github.com/repos/SP8888/hello/collaborators{/collaborator}", "teams_url": "https://api.github.com/repos/SP8888/hello/teams", "hooks_url": "https://api.github.com/repos/SP8888/hello/hooks", "issue_events_url": "https://api.github.com/repos/SP8888/hello/issues/events{/number}", "events_url": "https://api.github.com/repos/SP8888/hello/events", "assignees_url": "https://api.github.com/repos/SP8888/hello/assignees{/user}", "branches_url": "https://api.github.com/repos/SP8888/hello/branches{/branch}", "tags_url": "https://api.github.com/repos/SP8888/hello/tags", "blobs_url": "https://api.github.com/repos/SP8888/hello/git/blobs{/sha}", "git_tags_url": "https://api.github.com/repos/SP8888/hello/git/tags{/sha}", "git_refs_url": "https://api.github.com/repos/SP8888/hello/git/refs{/sha}", "trees_url": "https://api.github.com/repos/SP8888/hello/git/trees{/sha}", "statuses_url": "https://api.github.com/repos/SP8888/hello/statuses/{sha}", "languages_url": "https://api.github.com/repos/SP8888/hello/languages", "stargazers_url": "https://api.github.com/repos/SP8888/hello/stargazers", "contributors_url": "https://api.github.com/repos/SP8888/hello/contributors", "subscribers_url": "https://api.github.com/repos/SP8888/hello/subscribers", "subscription_url": "https://api.github.com/repos/SP8888/hello/subscription", "commits_url": "https://api.github.com/repos/SP8888/hello/commits{/sha}", "git_commits_url": "https://api.github.com/repos/SP8888/hello/git/commits{/sha}", "comments_url": "https://api.github.com/repos/SP8888/hello/comments{/number}", "issue_comment_url": "https://api.github.com/repos/SP8888/hello/issues/comments{/number}", "contents_url": "https://api.github.com/repos/SP8888/hello/contents/{+path}", "compare_url": "https://api.github.com/repos/SP8888/hello/compare/{base}...{head}", "merges_url": "https://api.github.com/repos/SP8888/hello/merges", "archive_url": "https://api.github.com/repos/SP8888/hello/{archive_format}{/ref}", "downloads_url": "https://api.github.com/repos/SP8888/hello/downloads", "issues_url": "https://api.github.com/repos/SP8888/hello/issues{/number}", "pulls_url": "https://api.github.com/repos/SP8888/hello/pulls{/number}", "milestones_url": "https://api.github.com/repos/SP8888/hello/milestones{/number}", "notifications_url": "https://api.github.com/repos/SP8888/hello/notifications{?since,all,participating}", "labels_url": "https://api.github.com/repos/SP8888/hello/labels{/name}", "releases_url": "https://api.github.com/repos/SP8888/hello/releases{/id}", "deployments_url": "https://api.github.com/repos/SP8888/hello/deployments", "created_at": "2019-10-13T20:26:22Z", "updated_at": "2019-10-20T18:03:23Z", "pushed_at": "2019-10-20T21:00:40Z", "git_url": "git://github.com/SP8888/hello.git", "ssh_url": "git@github.com:SP8888/hello.git", "clone_url": "https://github.com/SP8888/hello.git", "svn_url": "https://github.com/SP8888/hello", "homepage": null, "size": 2, "stargazers_count": 0, "watchers_count": 0, "language": null, "has_issues": true, "has_projects": true, "has_downloads": true, "has_wiki": true, "has_pages": false, "forks_count": 0, "mirror_url": null, "archived": false, "disabled": false, "open_issues_count": 0, "license": null, "forks": 0, "open_issues": 0, "watchers": 0, "default_branch": "master"}, {"id": 230736286, "node_id": "MDEwOlJlcG9zaXRvcnkyMzA3MzYyODY=", "name": "Home_Work_BD", "full_name": "SP8888/Home_Work_BD", "private": false, "owner": {"login": "SP8888", "id": 56366931, "node_id": "MDQ6VXNlcjU2MzY2OTMx", "avatar_url": "https://avatars0.githubusercontent.com/u/56366931?v=4", "gravatar_id": "", "url": "https://api.github.com/users/SP8888", "html_url": "https://github.com/SP8888", "followers_url": "https://api.github.com/users/SP8888/followers", "following_url": "https://api.github.com/users/SP8888/following{/other_user}", "gists_url": "https://api.github.com/users/SP8888/gists{/gist_id}", "starred_url": "https://api.github.com/users/SP8888/starred{/owner}{/repo}", "subscriptions_url": "https://api.github.com/users/SP8888/subscriptions", "organizations_url": "https://api.github.com/users/SP8888/orgs", "repos_url": "https://api.github.com/users/SP8888/repos", "events_url": "https://api.github.com/users/SP8888/events{/privacy}", "received_events_url": "https://api.github.com/users/SP8888/received_events", "type": "User", "site_admin": false}, "html_url": "https://github.com/SP8888/Home_Work_BD", "description": null, "fork": false, "url": "https://api.github.com/repos/SP8888/Home_Work_BD", "forks_url": "https://api.github.com/repos/SP8888/Home_Work_BD/forks", "keys_url": "https://api.github.com/repos/SP8888/Home_Work_BD/keys{/key_id}", "collaborators_url": "https://api.github.com/repos/SP8888/Home_Work_BD/collaborators{/collaborator}", "teams_url": "https://api.github.com/repos/SP8888/Home_Work_BD/teams", "hooks_url": "https://api.github.com/repos/SP8888/Home_Work_BD/hooks", "issue_events_url": "https://api.github.com/repos/SP8888/Home_Work_BD/issues/events{/number}", "events_url": "https://api.github.com/repos/SP8888/Home_Work_BD/events", "assignees_url": "https://api.github.com/repos/SP8888/Home_Work_BD/assignees{/user}", "branches_url": "https://api.github.com/repos/SP8888/Home_Work_BD/branches{/branch}", "tags_url": "https://api.github.com/repos/SP8888/Home_Work_BD/tags", "blobs_url": "https://api.github.com/repos/SP8888/Home_Work_BD/git/blobs{/sha}", "git_tags_url": "https://api.github.com/repos/SP8888/Home_Work_BD/git/tags{/sha}", "git_refs_url": "https://api.github.com/repos/SP8888/Home_Work_BD/git/refs{/sha}", "trees_url": "https://api.github.com/repos/SP8888/Home_Work_BD/git/trees{/sha}", "statuses_url": "https://api.github.com/repos/SP8888/Home_Work_BD/statuses/{sha}", "languages_url": "https://api.github.com/repos/SP8888/Home_Work_BD/languages", "stargazers_url": "https://api.github.com/repos/SP8888/Home_Work_BD/stargazers", "contributors_url": "https://api.github.com/repos/SP8888/Home_Work_BD/contributors", "subscribers_url": "https://api.github.com/repos/SP8888/Home_Work_BD/subscribers", "subscription_url": "https://api.github.com/repos/SP8888/Home_Work_BD/subscription", "commits_url": "https://api.github.com/repos/SP8888/Home_Work_BD/commits{/sha}", "git_commits_url": "https://api.github.com/repos/SP8888/Home_Work_BD/git/commits{/sha}", "comments_url": "https://api.github.com/repos/SP8888/Home_Work_BD/comments{/number}", "issue_comment_url": "https://api.github.com/repos/SP8888/Home_Work_BD/issues/comments{/number}", "contents_url": "https://api.github.com/repos/SP8888/Home_Work_BD/contents/{+path}", "compare_url": "https://api.github.com/repos/SP8888/Home_Work_BD/compare/{base}...{head}", "merges_url": "https://api.github.com/repos/SP8888/Home_Work_BD/merges", "archive_url": "https://api.github.com/repos/SP8888/Home_Work_BD/{archive_format}{/ref}", "downloads_url": "https://api.github.com/repos/SP8888/Home_Work_BD/downloads", "issues_url": "https://api.github.com/repos/SP8888/Home_Work_BD/issues{/number}", "pulls_url": "https://api.github.com/repos/SP8888/Home_Work_BD/pulls{/number}", "milestones_url": "https://api.github.com/repos/SP8888/Home_Work_BD/milestones{/number}", "notifications_url": "https://api.github.com/repos/SP8888/Home_Work_BD/notifications{?since,all,participating}", "labels_url": "https://api.github.com/repos/SP8888/Home_Work_BD/labels{/name}", "releases_url": "https://api.github.com/repos/SP8888/Home_Work_BD/releases{/id}", "deployments_url": "https://api.github.com/repos/SP8888/Home_Work_BD/deployments", "created_at": "2019-12-29T10:42:16Z", "updated_at": "2019-12-29T12:21:43Z", "pushed_at": "2019-12-29T12:21:41Z", "git_url": "git://github.com/SP8888/Home_Work_BD.git", "ssh_url": "git@github.com:SP8888/Home_Work_BD.git", "clone_url": "https://github.com/SP8888/Home_Work_BD.git", "svn_url": "https://github.com/SP8888/Home_Work_BD", "homepage": null, "size": 394, "stargazers_count": 0, "watchers_count": 0, "language": null, "has_issues": true, "has_projects": true, "has_downloads": true, "has_wiki": true, "has_pages": false, "forks_count": 0, "mirror_url": null, "archived": false, "disabled": false, "open_issues_count": 0, "license": null, "forks": 0, "open_issues": 0, "watchers": 0, "default_branch": "master"}, {"id": 250877149, "node_id": "MDEwOlJlcG9zaXRvcnkyNTA4NzcxNDk=", "name": "HW_10", "full_name": "SP8888/HW_10", "private": false, "owner": {"login": "SP8888", "id": 56366931, "node_id": "MDQ6VXNlcjU2MzY2OTMx", "avatar_url": "https://avatars0.githubusercontent.com/u/56366931?v=4", "gravatar_id": "", "url": "https://api.github.com/users/SP8888", "html_url": "https://github.com/SP8888", "followers_url": "https://api.github.com/users/SP8888/followers", "following_url": "https://api.github.com/users/SP8888/following{/other_user}", "gists_url": "https://api.github.com/users/SP8888/gists{/gist_id}", "starred_url": "https://api.github.com/users/SP8888/starred{/owner}{/repo}", "subscriptions_url": "https://api.github.com/users/SP8888/subscriptions", "organizations_url": "https://api.github.com/users/SP8888/orgs", "repos_url": "https://api.github.com/users/SP8888/repos", "events_url": "https://api.github.com/users/SP8888/events{/privacy}", "received_events_url": "https://api.github.com/users/SP8888/received_events", "type": "User", "site_admin": false}, "html_url": "https://github.com/SP8888/HW_10", "description": null, "fork": false, "url": "https://api.github.com/repos/SP8888/HW_10", "forks_url": "https://api.github.com/repos/SP8888/HW_10/forks", "keys_url": "https://api.github.com/repos/SP8888/HW_10/keys{/key_id}", "collaborators_url": "https://api.github.com/repos/SP8888/HW_10/collaborators{/collaborator}", "teams_url": "https://api.github.com/repos/SP8888/HW_10/teams", "hooks_url": "https://api.github.com/repos/SP8888/HW_10/hooks", "issue_events_url": "https://api.github.com/repos/SP8888/HW_10/issues/events{/number}", "events_url": "https://api.github.com/repos/SP8888/HW_10/events", "assignees_url": "https://api.github.com/repos/SP8888/HW_10/assignees{/user}", "branches_url": "https://api.github.com/repos/SP8888/HW_10/branches{/branch}", "tags_url": "https://api.github.com/repos/SP8888/HW_10/tags", "blobs_url": "https://api.github.com/repos/SP8888/HW_10/git/blobs{/sha}", "git_tags_url": "https://api.github.com/repos/SP8888/HW_10/git/tags{/sha}", "git_refs_url": "https://api.github.com/repos/SP8888/HW_10/git/refs{/sha}", "trees_url": "https://api.github.com/repos/SP8888/HW_10/git/trees{/sha}", "statuses_url": "https://api.github.com/repos/SP8888/HW_10/statuses/{sha}", "languages_url": "https://api.github.com/repos/SP8888/HW_10/languages", "stargazers_url": "https://api.github.com/repos/SP8888/HW_10/stargazers", "contributors_url": "https://api.github.com/repos/SP8888/HW_10/contributors", "subscribers_url": "https://api.github.com/repos/SP8888/HW_10/subscribers", "subscription_url": "https://api.github.com/repos/SP8888/HW_10/subscription", "commits_url": "https://api.github.com/repos/SP8888/HW_10/commits{/sha}", "git_commits_url": "https://api.github.com/repos/SP8888/HW_10/git/commits{/sha}", "comments_url": "https://api.github.com/repos/SP8888/HW_10/comments{/number}", "issue_comment_url": "https://api.github.com/repos/SP8888/HW_10/issues/comments{/number}", "contents_url": "https://api.github.com/repos/SP8888/HW_10/contents/{+path}", "compare_url": "https://api.github.com/repos/SP8888/HW_10/compare/{base}...{head}", "merges_url": "https://api.github.com/repos/SP8888/HW_10/merges", "archive_url": "https://api.github.com/repos/SP8888/HW_10/{archive_format}{/ref}", "downloads_url": "https://api.github.com/repos/SP8888/HW_10/downloads", "issues_url": "https://api.github.com/repos/SP8888/HW_10/issues{/number}", "pulls_url": "https://api.github.com/repos/SP8888/HW_10/pulls{/number}", "milestones_url": "https://api.github.com/repos/SP8888/HW_10/milestones{/number}", "notifications_url": "https://api.github.com/repos/SP8888/HW_10/notifications{?since,all,participating}", "labels_url": "https://api.github.com/repos/SP8888/HW_10/labels{/name}", "releases_url": "https://api.github.com/repos/SP8888/HW_10/releases{/id}", "deployments_url": "https://api.github.com/repos/SP8888/HW_10/deployments", "created_at": "2020-03-28T19:31:06Z", "updated_at": "2020-03-28T19:31:42Z", "pushed_at": "2020-03-28T19:31:40Z", "git_url": "git://github.com/SP8888/HW_10.git", "ssh_url": "git@github.com:SP8888/HW_10.git", "clone_url": "https://github.com/SP8888/HW_10.git", "svn_url": "https://github.com/SP8888/HW_10", "homepage": null, "size": 1, "stargazers_count": 0, "watchers_count": 0, "language": null, "has_issues": true, "has_projects": true, "has_downloads": true, "has_wiki": true, "has_pages": false, "forks_count": 0, "mirror_url": null, "archived": false, "disabled": false, "open_issues_count": 0, "license": null, "forks": 0, "open_issues": 0, "watchers": 0, "default_branch": "master"}, {"id": 251095823, "node_id": "MDEwOlJlcG9zaXRvcnkyNTEwOTU4MjM=", "name": "HW_11", "full_name": "SP8888/HW_11", "private": false, "owner": {"login": "SP8888", "id": 56366931, "node_id": "MDQ6VXNlcjU2MzY2OTMx", "avatar_url": "https://avatars0.githubusercontent.com/u/56366931?v=4", "gravatar_id": "", "url": "https://api.github.com/users/SP8888", "html_url": "https://github.com/SP8888", "followers_url": "https://api.github.com/users/SP8888/followers", "following_url": "https://api.github.com/users/SP8888/following{/other_user}", "gists_url": "https://api.github.com/users/SP8888/gists{/gist_id}", "starred_url": "https://api.github.com/users/SP8888/starred{/owner}{/repo}", "subscriptions_url": "https://api.github.com/users/SP8888/subscriptions", "organizations_url": "https://api.github.com/users/SP8888/orgs", "repos_url": "https://api.github.com/users/SP8888/repos", "events_url": "https://api.github.com/users/SP8888/events{/privacy}", "received_events_url": "https://api.github.com/users/SP8888/received_events", "type": "User", "site_admin": false}, "html_url": "https://github.com/SP8888/HW_11", "description": null, "fork": false, "url": "https://api.github.com/repos/SP8888/HW_11", "forks_url": "https://api.github.com/repos/SP8888/HW_11/forks", "keys_url": "https://api.github.com/repos/SP8888/HW_11/keys{/key_id}", "collaborators_url": "https://api.github.com/repos/SP8888/HW_11/collaborators{/collaborator}", "teams_url": "https://api.github.com/repos/SP8888/HW_11/teams", "hooks_url": "https://api.github.com/repos/SP8888/HW_11/hooks", "issue_events_url": "https://api.github.com/repos/SP8888/HW_11/issues/events{/number}", "events_url": "https://api.github.com/repos/SP8888/HW_11/events", "assignees_url": "https://api.github.com/repos/SP8888/HW_11/assignees{/user}", "branches_url": "https://api.github.com/repos/SP8888/HW_11/branches{/branch}", "tags_url": "https://api.github.com/repos/SP8888/HW_11/tags", "blobs_url": "https://api.github.com/repos/SP8888/HW_11/git/blobs{/sha}", "git_tags_url": "https://api.github.com/repos/SP8888/HW_11/git/tags{/sha}", "git_refs_url": "https://api.github.com/repos/SP8888/HW_11/git/refs{/sha}", "trees_url": "https://api.github.com/repos/SP8888/HW_11/git/trees{/sha}", "statuses_url": "https://api.github.com/repos/SP8888/HW_11/statuses/{sha}", "languages_url": "https://api.github.com/repos/SP8888/HW_11/languages", "stargazers_url": "https://api.github.com/repos/SP8888/HW_11/stargazers", "contributors_url": "https://api.github.com/repos/SP8888/HW_11/contributors", "subscribers_url": "https://api.github.com/repos/SP8888/HW_11/subscribers", "subscription_url": "https://api.github.com/repos/SP8888/HW_11/subscription", "commits_url": "https://api.github.com/repos/SP8888/HW_11/commits{/sha}", "git_commits_url": "https://api.github.com/repos/SP8888/HW_11/git/commits{/sha}", "comments_url": "https://api.github.com/repos/SP8888/HW_11/comments{/number}", "issue_comment_url": "https://api.github.com/repos/SP8888/HW_11/issues/comments{/number}", "contents_url": "https://api.github.com/repos/SP8888/HW_11/contents/{+path}", "compare_url": "https://api.github.com/repos/SP8888/HW_11/compare/{base}...{head}", "merges_url": "https://api.github.com/repos/SP8888/HW_11/merges", "archive_url": "https://api.github.com/repos/SP8888/HW_11/{archive_format}{/ref}", "downloads_url": "https://api.github.com/repos/SP8888/HW_11/downloads", "issues_url": "https://api.github.com/repos/SP8888/HW_11/issues{/number}", "pulls_url": "https://api.github.com/repos/SP8888/HW_11/pulls{/number}", "milestones_url": "https://api.github.com/repos/SP8888/HW_11/milestones{/number}", "notifications_url": "https://api.github.com/repos/SP8888/HW_11/notifications{?since,all,participating}", "labels_url": "https://api.github.com/repos/SP8888/HW_11/labels{/name}", "releases_url": "https://api.github.com/repos/SP8888/HW_11/releases{/id}", "deployments_url": "https://api.github.com/repos/SP8888/HW_11/deployments", "created_at": "2020-03-29T17:49:30Z", "updated_at": "2020-03-29T17:49:30Z", "pushed_at": "2020-03-29T17:49:30Z", "git_url": "git://github.com/SP8888/HW_11.git", "ssh_url": "git@github.com:SP8888/HW_11.git", "clone_url": "https://github.com/SP8888/HW_11.git", "svn_url": "https://github.com/SP8888/HW_11", "homepage": null, "size": 0, "stargazers_count": 0, "watchers_count": 0, "language": null, "has_issues": true, "has_projects": true, "has_downloads": true, "has_wiki": true, "has_pages": false, "forks_count": 0, "mirror_url": null, "archived": false, "disabled": false, "open_issues_count": 0, "license": null, "forks": 0, "open_issues": 0, "watchers": 0, "default_branch": "master"}, {"id": 251096028, "node_id": "MDEwOlJlcG9zaXRvcnkyNTEwOTYwMjg=", "name": "HW_11_1", "full_name": "SP8888/HW_11_1", "private": false, "owner": {"login": "SP8888", "id": 56366931, "node_id": "MDQ6VXNlcjU2MzY2OTMx", "avatar_url": "https://avatars0.githubusercontent.com/u/56366931?v=4", "gravatar_id": "", "url": "https://api.github.com/users/SP8888", "html_url": "https://github.com/SP8888", "followers_url": "https://api.github.com/users/SP8888/followers", "following_url": "https://api.github.com/users/SP8888/following{/other_user}", "gists_url": "https://api.github.com/users/SP8888/gists{/gist_id}", "starred_url": "https://api.github.com/users/SP8888/starred{/owner}{/repo}", "subscriptions_url": "https://api.github.com/users/SP8888/subscriptions", "organizations_url": "https://api.github.com/users/SP8888/orgs", "repos_url": "https://api.github.com/users/SP8888/repos", "events_url": "https://api.github.com/users/SP8888/events{/privacy}", "received_events_url": "https://api.github.com/users/SP8888/received_events", "type": "User", "site_admin": false}, "html_url": "https://github.com/SP8888/HW_11_1", "description": null, "fork": false, "url": "https://api.github.com/repos/SP8888/HW_11_1", "forks_url": "https://api.github.com/repos/SP8888/HW_11_1/forks", "keys_url": "https://api.github.com/repos/SP8888/HW_11_1/keys{/key_id}", "collaborators_url": "https://api.github.com/repos/SP8888/HW_11_1/collaborators{/collaborator}", "teams_url": "https://api.github.com/repos/SP8888/HW_11_1/teams", "hooks_url": "https://api.github.com/repos/SP8888/HW_11_1/hooks", "issue_events_url": "https://api.github.com/repos/SP8888/HW_11_1/issues/events{/number}", "events_url": "https://api.github.com/repos/SP8888/HW_11_1/events", "assignees_url": "https://api.github.com/repos/SP8888/HW_11_1/assignees{/user}", "branches_url": "https://api.github.com/repos/SP8888/HW_11_1/branches{/branch}", "tags_url": "https://api.github.com/repos/SP8888/HW_11_1/tags", "blobs_url": "https://api.github.com/repos/SP8888/HW_11_1/git/blobs{/sha}", "git_tags_url": "https://api.github.com/repos/SP8888/HW_11_1/git/tags{/sha}", "git_refs_url": "https://api.github.com/repos/SP8888/HW_11_1/git/refs{/sha}", "trees_url": "https://api.github.com/repos/SP8888/HW_11_1/git/trees{/sha}", "statuses_url": "https://api.github.com/repos/SP8888/HW_11_1/statuses/{sha}", "languages_url": "https://api.github.com/repos/SP8888/HW_11_1/languages", "stargazers_url": "https://api.github.com/repos/SP8888/HW_11_1/stargazers", "contributors_url": "https://api.github.com/repos/SP8888/HW_11_1/contributors", "subscribers_url": "https://api.github.com/repos/SP8888/HW_11_1/subscribers", "subscription_url": "https://api.github.com/repos/SP8888/HW_11_1/subscription", "commits_url": "https://api.github.com/repos/SP8888/HW_11_1/commits{/sha}", "git_commits_url": "https://api.github.com/repos/SP8888/HW_11_1/git/commits{/sha}", "comments_url": "https://api.github.com/repos/SP8888/HW_11_1/comments{/number}", "issue_comment_url": "https://api.github.com/repos/SP8888/HW_11_1/issues/comments{/number}", "contents_url": "https://api.github.com/repos/SP8888/HW_11_1/contents/{+path}", "compare_url": "https://api.github.com/repos/SP8888/HW_11_1/compare/{base}...{head}", "merges_url": "https://api.github.com/repos/SP8888/HW_11_1/merges", "archive_url": "https://api.github.com/repos/SP8888/HW_11_1/{archive_format}{/ref}", "downloads_url": "https://api.github.com/repos/SP8888/HW_11_1/downloads", "issues_url": "https://api.github.com/repos/SP8888/HW_11_1/issues{/number}", "pulls_url": "https://api.github.com/repos/SP8888/HW_11_1/pulls{/number}", "milestones_url": "https://api.github.com/repos/SP8888/HW_11_1/milestones{/number}", "notifications_url": "https://api.github.com/repos/SP8888/HW_11_1/notifications{?since,all,participating}", "labels_url": "https://api.github.com/repos/SP8888/HW_11_1/labels{/name}", "releases_url": "https://api.github.com/repos/SP8888/HW_11_1/releases{/id}", "deployments_url": "https://api.github.com/repos/SP8888/HW_11_1/deployments", "created_at": "2020-03-29T17:50:23Z", "updated_at": "2020-03-29T17:50:23Z", "pushed_at": "2020-03-29T17:50:23Z", "git_url": "git://github.com/SP8888/HW_11_1.git", "ssh_url": "git@github.com:SP8888/HW_11_1.git", "clone_url": "https://github.com/SP8888/HW_11_1.git", "svn_url": "https://github.com/SP8888/HW_11_1", "homepage": null, "size": 0, "stargazers_count": 0, "watchers_count": 0, "language": null, "has_issues": true, "has_projects": true, "has_downloads": true, "has_wiki": true, "has_pages": false, "forks_count": 0, "mirror_url": null, "archived": false, "disabled": false, "open_issues_count": 0, "license": null, "forks": 0, "open_issues": 0, "watchers": 0, "default_branch": "master"}, {"id": 241208930, "node_id": "MDEwOlJlcG9zaXRvcnkyNDEyMDg5MzA=", "name": "HW_1_BD", "full_name": "SP8888/HW_1_BD", "private": false, "owner": {"login": "SP8888", "id": 56366931, "node_id": "MDQ6VXNlcjU2MzY2OTMx", "avatar_url": "https://avatars0.githubusercontent.com/u/56366931?v=4", "gravatar_id": "", "url": "https://api.github.com/users/SP8888", "html_url": "https://github.com/SP8888", "followers_url": "https://api.github.com/users/SP8888/followers", "following_url": "https://api.github.com/users/SP8888/following{/other_user}", "gists_url": "https://api.github.com/users/SP8888/gists{/gist_id}", "starred_url": "https://api.github.com/users/SP8888/starred{/owner}{/repo}", "subscriptions_url": "https://api.github.com/users/SP8888/subscriptions", "organizations_url": "https://api.github.com/users/SP8888/orgs", "repos_url": "https://api.github.com/users/SP8888/repos", "events_url": "https://api.github.com/users/SP8888/events{/privacy}", "received_events_url": "https://api.github.com/users/SP8888/received_events", "type": "User", "site_admin": false}, "html_url": "https://github.com/SP8888/HW_1_BD", "description": null, "fork": false, "url": "https://api.github.com/repos/SP8888/HW_1_BD", "forks_url": "https://api.github.com/repos/SP8888/HW_1_BD/forks", "keys_url": "https://api.github.com/repos/SP8888/HW_1_BD/keys{/key_id}", "collaborators_url": "https://api.github.com/repos/SP8888/HW_1_BD/collaborators{/collaborator}", "teams_url": "https://api.github.com/repos/SP8888/HW_1_BD/teams", "hooks_url": "https://api.github.com/repos/SP8888/HW_1_BD/hooks", "issue_events_url": "https://api.github.com/repos/SP8888/HW_1_BD/issues/events{/number}", "events_url": "https://api.github.com/repos/SP8888/HW_1_BD/events", "assignees_url": "https://api.github.com/repos/SP8888/HW_1_BD/assignees{/user}", "branches_url": "https://api.github.com/repos/SP8888/HW_1_BD/branches{/branch}", "tags_url": "https://api.github.com/repos/SP8888/HW_1_BD/tags", "blobs_url": "https://api.github.com/repos/SP8888/HW_1_BD/git/blobs{/sha}", "git_tags_url": "https://api.github.com/repos/SP8888/HW_1_BD/git/tags{/sha}", "git_refs_url": "https://api.github.com/repos/SP8888/HW_1_BD/git/refs{/sha}", "trees_url": "https://api.github.com/repos/SP8888/HW_1_BD/git/trees{/sha}", "statuses_url": "https://api.github.com/repos/SP8888/HW_1_BD/statuses/{sha}", "languages_url": "https://api.github.com/repos/SP8888/HW_1_BD/languages", "stargazers_url": "https://api.github.com/repos/SP8888/HW_1_BD/stargazers", "contributors_url": "https://api.github.com/repos/SP8888/HW_1_BD/contributors", "subscribers_url": "https://api.github.com/repos/SP8888/HW_1_BD/subscribers", "subscription_url": "https://api.github.com/repos/SP8888/HW_1_BD/subscription", "commits_url": "https://api.github.com/repos/SP8888/HW_1_BD/commits{/sha}", "git_commits_url": "https://api.github.com/repos/SP8888/HW_1_BD/git/commits{/sha}", "comments_url": "https://api.github.com/repos/SP8888/HW_1_BD/comments{/number}", "issue_comment_url": "https://api.github.com/repos/SP8888/HW_1_BD/issues/comments{/number}", "contents_url": "https://api.github.com/repos/SP8888/HW_1_BD/contents/{+path}", "compare_url": "https://api.github.com/repos/SP8888/HW_1_BD/compare/{base}...{head}", "merges_url": "https://api.github.com/repos/SP8888/HW_1_BD/merges", "archive_url": "https://api.github.com/repos/SP8888/HW_1_BD/{archive_format}{/ref}", "downloads_url": "https://api.github.com/repos/SP8888/HW_1_BD/downloads", "issues_url": "https://api.github.com/repos/SP8888/HW_1_BD/issues{/number}", "pulls_url": "https://api.github.com/repos/SP8888/HW_1_BD/pulls{/number}", "milestones_url": "https://api.github.com/repos/SP8888/HW_1_BD/milestones{/number}", "notifications_url": "https://api.github.com/repos/SP8888/HW_1_BD/notifications{?since,all,participating}", "labels_url": "https://api.github.com/repos/SP8888/HW_1_BD/labels{/name}", "releases_url": "https://api.github.com/repos/SP8888/HW_1_BD/releases{/id}", "deployments_url": "https://api.github.com/repos/SP8888/HW_1_BD/deployments", "created_at": "2020-02-17T21:12:01Z", "updated_at": "2020-02-17T21:13:10Z", "pushed_at": "2020-02-17T21:13:08Z", "git_url": "git://github.com/SP8888/HW_1_BD.git", "ssh_url": "git@github.com:SP8888/HW_1_BD.git", "clone_url": "https://github.com/SP8888/HW_1_BD.git", "svn_url": "https://github.com/SP8888/HW_1_BD", "homepage": null, "size": 6044, "stargazers_count": 0, "watchers_count": 0, "language": null, "has_issues": true, "has_projects": true, "has_downloads": true, "has_wiki": true, "has_pages": false, "forks_count": 0, "mirror_url": null, "archived": false, "disabled": false, "open_issues_count": 0, "license": null, "forks": 0, "open_issues": 0, "watchers": 0, "default_branch": "master"}, {"id": 255166158, "node_id": "MDEwOlJlcG9zaXRvcnkyNTUxNjYxNTg=", "name": "HW_1_Pynton", "full_name": "SP8888/HW_1_Pynton", "private": false, "owner": {"login": "SP8888", "id": 56366931, "node_id": "MDQ6VXNlcjU2MzY2OTMx", "avatar_url": "https://avatars0.githubusercontent.com/u/56366931?v=4", "gravatar_id": "", "url": "https://api.github.com/users/SP8888", "html_url": "https://github.com/SP8888", "followers_url": "https://api.github.com/users/SP8888/followers", "following_url": "https://api.github.com/users/SP8888/following{/other_user}", "gists_url": "https://api.github.com/users/SP8888/gists{/gist_id}", "starred_url": "https://api.github.com/users/SP8888/starred{/owner}{/repo}", "subscriptions_url": "https://api.github.com/users/SP8888/subscriptions", "organizations_url": "https://api.github.com/users/SP8888/orgs", "repos_url": "https://api.github.com/users/SP8888/repos", "events_url": "https://api.github.com/users/SP8888/events{/privacy}", "received_events_url": "https://api.github.com/users/SP8888/received_events", "type": "User", "site_admin": false}, "html_url": "https://github.com/SP8888/HW_1_Pynton", "description": null, "fork": false, "url": "https://api.github.com/repos/SP8888/HW_1_Pynton", "forks_url": "https://api.github.com/repos/SP8888/HW_1_Pynton/forks", "keys_url": "https://api.github.com/repos/SP8888/HW_1_Pynton/keys{/key_id}", "collaborators_url": "https://api.github.com/repos/SP8888/HW_1_Pynton/collaborators{/collaborator}", "teams_url": "https://api.github.com/repos/SP8888/HW_1_Pynton/teams", "hooks_url": "https://api.github.com/repos/SP8888/HW_1_Pynton/hooks", "issue_events_url": "https://api.github.com/repos/SP8888/HW_1_Pynton/issues/events{/number}", "events_url": "https://api.github.com/repos/SP8888/HW_1_Pynton/events", "assignees_url": "https://api.github.com/repos/SP8888/HW_1_Pynton/assignees{/user}", "branches_url": "https://api.github.com/repos/SP8888/HW_1_Pynton/branches{/branch}", "tags_url": "https://api.github.com/repos/SP8888/HW_1_Pynton/tags", "blobs_url": "https://api.github.com/repos/SP8888/HW_1_Pynton/git/blobs{/sha}", "git_tags_url": "https://api.github.com/repos/SP8888/HW_1_Pynton/git/tags{/sha}", "git_refs_url": "https://api.github.com/repos/SP8888/HW_1_Pynton/git/refs{/sha}", "trees_url": "https://api.github.com/repos/SP8888/HW_1_Pynton/git/trees{/sha}", "statuses_url": "https://api.github.com/repos/SP8888/HW_1_Pynton/statuses/{sha}", "languages_url": "https://api.github.com/repos/SP8888/HW_1_Pynton/languages", "stargazers_url": "https://api.github.com/repos/SP8888/HW_1_Pynton/stargazers", "contributors_url": "https://api.github.com/repos/SP8888/HW_1_Pynton/contributors", "subscribers_url": "https://api.github.com/repos/SP8888/HW_1_Pynton/subscribers", "subscription_url": "https://api.github.com/repos/SP8888/HW_1_Pynton/subscription", "commits_url": "https://api.github.com/repos/SP8888/HW_1_Pynton/commits{/sha}", "git_commits_url": "https://api.github.com/repos/SP8888/HW_1_Pynton/git/commits{/sha}", "comments_url": "https://api.github.com/repos/SP8888/HW_1_Pynton/comments{/number}", "issue_comment_url": "https://api.github.com/repos/SP8888/HW_1_Pynton/issues/comments{/number}", "contents_url": "https://api.github.com/repos/SP8888/HW_1_Pynton/contents/{+path}", "compare_url": "https://api.github.com/repos/SP8888/HW_1_Pynton/compare/{base}...{head}", "merges_url": "https://api.github.com/repos/SP8888/HW_1_Pynton/merges", "archive_url": "https://api.github.com/repos/SP8888/HW_1_Pynton/{archive_format}{/ref}", "downloads_url": "https://api.github.com/repos/SP8888/HW_1_Pynton/downloads", "issues_url": "https://api.github.com/repos/SP8888/HW_1_Pynton/issues{/number}", "pulls_url": "https://api.github.com/repos/SP8888/HW_1_Pynton/pulls{/number}", "milestones_url": "https://api.github.com/repos/SP8888/HW_1_Pynton/milestones{/number}", "notifications_url": "https://api.github.com/repos/SP8888/HW_1_Pynton/notifications{?since,all,participating}", "labels_url": "https://api.github.com/repos/SP8888/HW_1_Pynton/labels{/name}", "releases_url": "https://api.github.com/repos/SP8888/HW_1_Pynton/releases{/id}", "deployments_url": "https://api.github.com/repos/SP8888/HW_1_Pynton/deployments", "created_at": "2020-04-12T20:39:39Z", "updated_at": "2020-04-13T20:49:31Z", "pushed_at": "2020-05-19T22:31:58Z", "git_url": "git://github.com/SP8888/HW_1_Pynton.git", "ssh_url": "git@github.com:SP8888/HW_1_Pynton.git", "clone_url": "https://github.com/SP8888/HW_1_Pynton.git", "svn_url": "https://github.com/SP8888/HW_1_Pynton", "homepage": null, "size": 378, "stargazers_count": 0, "watchers_count": 0, "language": "Jupyter Notebook", "has_issues": true, "has_projects": true, "has_downloads": true, "has_wiki": true, "has_pages": false, "forks_count": 0, "mirror_url": null, "archived": false, "disabled": false, "open_issues_count": 4, "license": null, "forks": 0, "open_issues": 4, "watchers": 0, "default_branch": "master"}, {"id": 242596986, "node_id": "MDEwOlJlcG9zaXRvcnkyNDI1OTY5ODY=", "name": "HW_2_BD", "full_name": "SP8888/HW_2_BD", "private": false, "owner": {"login": "SP8888", "id": 56366931, "node_id": "MDQ6VXNlcjU2MzY2OTMx", "avatar_url": "https://avatars0.githubusercontent.com/u/56366931?v=4", "gravatar_id": "", "url": "https://api.github.com/users/SP8888", "html_url": "https://github.com/SP8888", "followers_url": "https://api.github.com/users/SP8888/followers", "following_url": "https://api.github.com/users/SP8888/following{/other_user}", "gists_url": "https://api.github.com/users/SP8888/gists{/gist_id}", "starred_url": "https://api.github.com/users/SP8888/starred{/owner}{/repo}", "subscriptions_url": "https://api.github.com/users/SP8888/subscriptions", "organizations_url": "https://api.github.com/users/SP8888/orgs", "repos_url": "https://api.github.com/users/SP8888/repos", "events_url": "https://api.github.com/users/SP8888/events{/privacy}", "received_events_url": "https://api.github.com/users/SP8888/received_events", "type": "User", "site_admin": false}, "html_url": "https://github.com/SP8888/HW_2_BD", "description": "\u0412\u0442\u043e\u0440\u0430\u044f \u0434\u043e\u043c\u0430\u0448\u043d\u044f\u044f \u0440\u0430\u0431\u043e\u0442\u0430 \u043f\u043e \u0431\u0430\u0437\u0430\u043c ", "fork": false, "url": "https://api.github.com/repos/SP8888/HW_2_BD", "forks_url": "https://api.github.com/repos/SP8888/HW_2_BD/forks", "keys_url": "https://api.github.com/repos/SP8888/HW_2_BD/keys{/key_id}", "collaborators_url": "https://api.github.com/repos/SP8888/HW_2_BD/collaborators{/collaborator}", "teams_url": "https://api.github.com/repos/SP8888/HW_2_BD/teams", "hooks_url": "https://api.github.com/repos/SP8888/HW_2_BD/hooks", "issue_events_url": "https://api.github.com/repos/SP8888/HW_2_BD/issues/events{/number}", "events_url": "https://api.github.com/repos/SP8888/HW_2_BD/events", "assignees_url": "https://api.github.com/repos/SP8888/HW_2_BD/assignees{/user}", "branches_url": "https://api.github.com/repos/SP8888/HW_2_BD/branches{/branch}", "tags_url": "https://api.github.com/repos/SP8888/HW_2_BD/tags", "blobs_url": "https://api.github.com/repos/SP8888/HW_2_BD/git/blobs{/sha}", "git_tags_url": "https://api.github.com/repos/SP8888/HW_2_BD/git/tags{/sha}", "git_refs_url": "https://api.github.com/repos/SP8888/HW_2_BD/git/refs{/sha}", "trees_url": "https://api.github.com/repos/SP8888/HW_2_BD/git/trees{/sha}", "statuses_url": "https://api.github.com/repos/SP8888/HW_2_BD/statuses/{sha}", "languages_url": "https://api.github.com/repos/SP8888/HW_2_BD/languages", "stargazers_url": "https://api.github.com/repos/SP8888/HW_2_BD/stargazers", "contributors_url": "https://api.github.com/repos/SP8888/HW_2_BD/contributors", "subscribers_url": "https://api.github.com/repos/SP8888/HW_2_BD/subscribers", "subscription_url": "https://api.github.com/repos/SP8888/HW_2_BD/subscription", "commits_url": "https://api.github.com/repos/SP8888/HW_2_BD/commits{/sha}", "git_commits_url": "https://api.github.com/repos/SP8888/HW_2_BD/git/commits{/sha}", "comments_url": "https://api.github.com/repos/SP8888/HW_2_BD/comments{/number}", "issue_comment_url": "https://api.github.com/repos/SP8888/HW_2_BD/issues/comments{/number}", "contents_url": "https://api.github.com/repos/SP8888/HW_2_BD/contents/{+path}", "compare_url": "https://api.github.com/repos/SP8888/HW_2_BD/compare/{base}...{head}", "merges_url": "https://api.github.com/repos/SP8888/HW_2_BD/merges", "archive_url": "https://api.github.com/repos/SP8888/HW_2_BD/{archive_format}{/ref}", "downloads_url": "https://api.github.com/repos/SP8888/HW_2_BD/downloads", "issues_url": "https://api.github.com/repos/SP8888/HW_2_BD/issues{/number}", "pulls_url": "https://api.github.com/repos/SP8888/HW_2_BD/pulls{/number}", "milestones_url": "https://api.github.com/repos/SP8888/HW_2_BD/milestones{/number}", "notifications_url": "https://api.github.com/repos/SP8888/HW_2_BD/notifications{?since,all,participating}", "labels_url": "https://api.github.com/repos/SP8888/HW_2_BD/labels{/name}", "releases_url": "https://api.github.com/repos/SP8888/HW_2_BD/releases{/id}", "deployments_url": "https://api.github.com/repos/SP8888/HW_2_BD/deployments", "created_at": "2020-02-23T21:56:08Z", "updated_at": "2020-02-23T21:56:58Z", "pushed_at": "2020-02-23T21:56:55Z", "git_url": "git://github.com/SP8888/HW_2_BD.git", "ssh_url": "git@github.com:SP8888/HW_2_BD.git", "clone_url": "https://github.com/SP8888/HW_2_BD.git", "svn_url": "https://github.com/SP8888/HW_2_BD", "homepage": null, "size": 10121, "stargazers_count": 0, "watchers_count": 0, "language": "TSQL", "has_issues": true, "has_projects": true, "has_downloads": true, "has_wiki": true, "has_pages": false, "forks_count": 0, "mirror_url": null, "archived": false, "disabled": false, "open_issues_count": 0, "license": null, "forks": 0, "open_issues": 0, "watchers": 0, "default_branch": "master"}, {"id": 242847711, "node_id": "MDEwOlJlcG9zaXRvcnkyNDI4NDc3MTE=", "name": "HW_3_DB", "full_name": "SP8888/HW_3_DB", "private": false, "owner": {"login": "SP8888", "id": 56366931, "node_id": "MDQ6VXNlcjU2MzY2OTMx", "avatar_url": "https://avatars0.githubusercontent.com/u/56366931?v=4", "gravatar_id": "", "url": "https://api.github.com/users/SP8888", "html_url": "https://github.com/SP8888", "followers_url": "https://api.github.com/users/SP8888/followers", "following_url": "https://api.github.com/users/SP8888/following{/other_user}", "gists_url": "https://api.github.com/users/SP8888/gists{/gist_id}", "starred_url": "https://api.github.com/users/SP8888/starred{/owner}{/repo}", "subscriptions_url": "https://api.github.com/users/SP8888/subscriptions", "organizations_url": "https://api.github.com/users/SP8888/orgs", "repos_url": "https://api.github.com/users/SP8888/repos", "events_url": "https://api.github.com/users/SP8888/events{/privacy}", "received_events_url": "https://api.github.com/users/SP8888/received_events", "type": "User", "site_admin": false}, "html_url": "https://github.com/SP8888/HW_3_DB", "description": null, "fork": false, "url": "https://api.github.com/repos/SP8888/HW_3_DB", "forks_url": "https://api.github.com/repos/SP8888/HW_3_DB/forks", "keys_url": "https://api.github.com/repos/SP8888/HW_3_DB/keys{/key_id}", "collaborators_url": "https://api.github.com/repos/SP8888/HW_3_DB/collaborators{/collaborator}", "teams_url": "https://api.github.com/repos/SP8888/HW_3_DB/teams", "hooks_url": "https://api.github.com/repos/SP8888/HW_3_DB/hooks", "issue_events_url": "https://api.github.com/repos/SP8888/HW_3_DB/issues/events{/number}", "events_url": "https://api.github.com/repos/SP8888/HW_3_DB/events", "assignees_url": "https://api.github.com/repos/SP8888/HW_3_DB/assignees{/user}", "branches_url": "https://api.github.com/repos/SP8888/HW_3_DB/branches{/branch}", "tags_url": "https://api.github.com/repos/SP8888/HW_3_DB/tags", "blobs_url": "https://api.github.com/repos/SP8888/HW_3_DB/git/blobs{/sha}", "git_tags_url": "https://api.github.com/repos/SP8888/HW_3_DB/git/tags{/sha}", "git_refs_url": "https://api.github.com/repos/SP8888/HW_3_DB/git/refs{/sha}", "trees_url": "https://api.github.com/repos/SP8888/HW_3_DB/git/trees{/sha}", "statuses_url": "https://api.github.com/repos/SP8888/HW_3_DB/statuses/{sha}", "languages_url": "https://api.github.com/repos/SP8888/HW_3_DB/languages", "stargazers_url": "https://api.github.com/repos/SP8888/HW_3_DB/stargazers", "contributors_url": "https://api.github.com/repos/SP8888/HW_3_DB/contributors", "subscribers_url": "https://api.github.com/repos/SP8888/HW_3_DB/subscribers", "subscription_url": "https://api.github.com/repos/SP8888/HW_3_DB/subscription", "commits_url": "https://api.github.com/repos/SP8888/HW_3_DB/commits{/sha}", "git_commits_url": "https://api.github.com/repos/SP8888/HW_3_DB/git/commits{/sha}", "comments_url": "https://api.github.com/repos/SP8888/HW_3_DB/comments{/number}", "issue_comment_url": "https://api.github.com/repos/SP8888/HW_3_DB/issues/comments{/number}", "contents_url": "https://api.github.com/repos/SP8888/HW_3_DB/contents/{+path}", "compare_url": "https://api.github.com/repos/SP8888/HW_3_DB/compare/{base}...{head}", "merges_url": "https://api.github.com/repos/SP8888/HW_3_DB/merges", "archive_url": "https://api.github.com/repos/SP8888/HW_3_DB/{archive_format}{/ref}", "downloads_url": "https://api.github.com/repos/SP8888/HW_3_DB/downloads", "issues_url": "https://api.github.com/repos/SP8888/HW_3_DB/issues{/number}", "pulls_url": "https://api.github.com/repos/SP8888/HW_3_DB/pulls{/number}", "milestones_url": "https://api.github.com/repos/SP8888/HW_3_DB/milestones{/number}", "notifications_url": "https://api.github.com/repos/SP8888/HW_3_DB/notifications{?since,all,participating}", "labels_url": "https://api.github.com/repos/SP8888/HW_3_DB/labels{/name}", "releases_url": "https://api.github.com/repos/SP8888/HW_3_DB/releases{/id}", "deployments_url": "https://api.github.com/repos/SP8888/HW_3_DB/deployments", "created_at": "2020-02-24T21:29:59Z", "updated_at": "2020-02-25T20:39:29Z", "pushed_at": "2020-02-25T20:39:27Z", "git_url": "git://github.com/SP8888/HW_3_DB.git", "ssh_url": "git@github.com:SP8888/HW_3_DB.git", "clone_url": "https://github.com/SP8888/HW_3_DB.git", "svn_url": "https://github.com/SP8888/HW_3_DB", "homepage": null, "size": 9710, "stargazers_count": 0, "watchers_count": 0, "language": "TSQL", "has_issues": true, "has_projects": true, "has_downloads": true, "has_wiki": true, "has_pages": false, "forks_count": 0, "mirror_url": null, "archived": false, "disabled": false, "open_issues_count": 0, "license": null, "forks": 0, "open_issues": 0, "watchers": 0, "default_branch": "master"}, {"id": 244469516, "node_id": "MDEwOlJlcG9zaXRvcnkyNDQ0Njk1MTY=", "name": "HW_4_DB", "full_name": "SP8888/HW_4_DB", "private": false, "owner": {"login": "SP8888", "id": 56366931, "node_id": "MDQ6VXNlcjU2MzY2OTMx", "avatar_url": "https://avatars0.githubusercontent.com/u/56366931?v=4", "gravatar_id": "", "url": "https://api.github.com/users/SP8888", "html_url": "https://github.com/SP8888", "followers_url": "https://api.github.com/users/SP8888/followers", "following_url": "https://api.github.com/users/SP8888/following{/other_user}", "gists_url": "https://api.github.com/users/SP8888/gists{/gist_id}", "starred_url": "https://api.github.com/users/SP8888/starred{/owner}{/repo}", "subscriptions_url": "https://api.github.com/users/SP8888/subscriptions", "organizations_url": "https://api.github.com/users/SP8888/orgs", "repos_url": "https://api.github.com/users/SP8888/repos", "events_url": "https://api.github.com/users/SP8888/events{/privacy}", "received_events_url": "https://api.github.com/users/SP8888/received_events", "type": "User", "site_admin": false}, "html_url": "https://github.com/SP8888/HW_4_DB", "description": null, "fork": false, "url": "https://api.github.com/repos/SP8888/HW_4_DB", "forks_url": "https://api.github.com/repos/SP8888/HW_4_DB/forks", "keys_url": "https://api.github.com/repos/SP8888/HW_4_DB/keys{/key_id}", "collaborators_url": "https://api.github.com/repos/SP8888/HW_4_DB/collaborators{/collaborator}", "teams_url": "https://api.github.com/repos/SP8888/HW_4_DB/teams", "hooks_url": "https://api.github.com/repos/SP8888/HW_4_DB/hooks", "issue_events_url": "https://api.github.com/repos/SP8888/HW_4_DB/issues/events{/number}", "events_url": "https://api.github.com/repos/SP8888/HW_4_DB/events", "assignees_url": "https://api.github.com/repos/SP8888/HW_4_DB/assignees{/user}", "branches_url": "https://api.github.com/repos/SP8888/HW_4_DB/branches{/branch}", "tags_url": "https://api.github.com/repos/SP8888/HW_4_DB/tags", "blobs_url": "https://api.github.com/repos/SP8888/HW_4_DB/git/blobs{/sha}", "git_tags_url": "https://api.github.com/repos/SP8888/HW_4_DB/git/tags{/sha}", "git_refs_url": "https://api.github.com/repos/SP8888/HW_4_DB/git/refs{/sha}", "trees_url": "https://api.github.com/repos/SP8888/HW_4_DB/git/trees{/sha}", "statuses_url": "https://api.github.com/repos/SP8888/HW_4_DB/statuses/{sha}", "languages_url": "https://api.github.com/repos/SP8888/HW_4_DB/languages", "stargazers_url": "https://api.github.com/repos/SP8888/HW_4_DB/stargazers", "contributors_url": "https://api.github.com/repos/SP8888/HW_4_DB/contributors", "subscribers_url": "https://api.github.com/repos/SP8888/HW_4_DB/subscribers", "subscription_url": "https://api.github.com/repos/SP8888/HW_4_DB/subscription", "commits_url": "https://api.github.com/repos/SP8888/HW_4_DB/commits{/sha}", "git_commits_url": "https://api.github.com/repos/SP8888/HW_4_DB/git/commits{/sha}", "comments_url": "https://api.github.com/repos/SP8888/HW_4_DB/comments{/number}", "issue_comment_url": "https://api.github.com/repos/SP8888/HW_4_DB/issues/comments{/number}", "contents_url": "https://api.github.com/repos/SP8888/HW_4_DB/contents/{+path}", "compare_url": "https://api.github.com/repos/SP8888/HW_4_DB/compare/{base}...{head}", "merges_url": "https://api.github.com/repos/SP8888/HW_4_DB/merges", "archive_url": "https://api.github.com/repos/SP8888/HW_4_DB/{archive_format}{/ref}", "downloads_url": "https://api.github.com/repos/SP8888/HW_4_DB/downloads", "issues_url": "https://api.github.com/repos/SP8888/HW_4_DB/issues{/number}", "pulls_url": "https://api.github.com/repos/SP8888/HW_4_DB/pulls{/number}", "milestones_url": "https://api.github.com/repos/SP8888/HW_4_DB/milestones{/number}", "notifications_url": "https://api.github.com/repos/SP8888/HW_4_DB/notifications{?since,all,participating}", "labels_url": "https://api.github.com/repos/SP8888/HW_4_DB/labels{/name}", "releases_url": "https://api.github.com/repos/SP8888/HW_4_DB/releases{/id}", "deployments_url": "https://api.github.com/repos/SP8888/HW_4_DB/deployments", "created_at": "2020-03-02T20:34:36Z", "updated_at": "2020-03-02T20:35:15Z", "pushed_at": "2020-03-02T20:35:13Z", "git_url": "git://github.com/SP8888/HW_4_DB.git", "ssh_url": "git@github.com:SP8888/HW_4_DB.git", "clone_url": "https://github.com/SP8888/HW_4_DB.git", "svn_url": "https://github.com/SP8888/HW_4_DB", "homepage": null, "size": 10, "stargazers_count": 0, "watchers_count": 0, "language": "TSQL", "has_issues": true, "has_projects": true, "has_downloads": true, "has_wiki": true, "has_pages": false, "forks_count": 0, "mirror_url": null, "archived": false, "disabled": false, "open_issues_count": 0, "license": null, "forks": 0, "open_issues": 0, "watchers": 0, "default_branch": "master"}, {"id": 236721331, "node_id": "MDEwOlJlcG9zaXRvcnkyMzY3MjEzMzE=", "name": "HW_5", "full_name": "SP8888/HW_5", "private": false, "owner": {"login": "SP8888", "id": 56366931, "node_id": "MDQ6VXNlcjU2MzY2OTMx", "avatar_url": "https://avatars0.githubusercontent.com/u/56366931?v=4", "gravatar_id": "", "url": "https://api.github.com/users/SP8888", "html_url": "https://github.com/SP8888", "followers_url": "https://api.github.com/users/SP8888/followers", "following_url": "https://api.github.com/users/SP8888/following{/other_user}", "gists_url": "https://api.github.com/users/SP8888/gists{/gist_id}", "starred_url": "https://api.github.com/users/SP8888/starred{/owner}{/repo}", "subscriptions_url": "https://api.github.com/users/SP8888/subscriptions", "organizations_url": "https://api.github.com/users/SP8888/orgs", "repos_url": "https://api.github.com/users/SP8888/repos", "events_url": "https://api.github.com/users/SP8888/events{/privacy}", "received_events_url": "https://api.github.com/users/SP8888/received_events", "type": "User", "site_admin": false}, "html_url": "https://github.com/SP8888/HW_5", "description": "\u0414\u043e\u043c\u0430\u0448\u043d\u044f\u044f \u0440\u0430\u0431\u043e\u0442\u0430 5", "fork": false, "url": "https://api.github.com/repos/SP8888/HW_5", "forks_url": "https://api.github.com/repos/SP8888/HW_5/forks", "keys_url": "https://api.github.com/repos/SP8888/HW_5/keys{/key_id}", "collaborators_url": "https://api.github.com/repos/SP8888/HW_5/collaborators{/collaborator}", "teams_url": "https://api.github.com/repos/SP8888/HW_5/teams", "hooks_url": "https://api.github.com/repos/SP8888/HW_5/hooks", "issue_events_url": "https://api.github.com/repos/SP8888/HW_5/issues/events{/number}", "events_url": "https://api.github.com/repos/SP8888/HW_5/events", "assignees_url": "https://api.github.com/repos/SP8888/HW_5/assignees{/user}", "branches_url": "https://api.github.com/repos/SP8888/HW_5/branches{/branch}", "tags_url": "https://api.github.com/repos/SP8888/HW_5/tags", "blobs_url": "https://api.github.com/repos/SP8888/HW_5/git/blobs{/sha}", "git_tags_url": "https://api.github.com/repos/SP8888/HW_5/git/tags{/sha}", "git_refs_url": "https://api.github.com/repos/SP8888/HW_5/git/refs{/sha}", "trees_url": "https://api.github.com/repos/SP8888/HW_5/git/trees{/sha}", "statuses_url": "https://api.github.com/repos/SP8888/HW_5/statuses/{sha}", "languages_url": "https://api.github.com/repos/SP8888/HW_5/languages", "stargazers_url": "https://api.github.com/repos/SP8888/HW_5/stargazers", "contributors_url": "https://api.github.com/repos/SP8888/HW_5/contributors", "subscribers_url": "https://api.github.com/repos/SP8888/HW_5/subscribers", "subscription_url": "https://api.github.com/repos/SP8888/HW_5/subscription", "commits_url": "https://api.github.com/repos/SP8888/HW_5/commits{/sha}", "git_commits_url": "https://api.github.com/repos/SP8888/HW_5/git/commits{/sha}", "comments_url": "https://api.github.com/repos/SP8888/HW_5/comments{/number}", "issue_comment_url": "https://api.github.com/repos/SP8888/HW_5/issues/comments{/number}", "contents_url": "https://api.github.com/repos/SP8888/HW_5/contents/{+path}", "compare_url": "https://api.github.com/repos/SP8888/HW_5/compare/{base}...{head}", "merges_url": "https://api.github.com/repos/SP8888/HW_5/merges", "archive_url": "https://api.github.com/repos/SP8888/HW_5/{archive_format}{/ref}", "downloads_url": "https://api.github.com/repos/SP8888/HW_5/downloads", "issues_url": "https://api.github.com/repos/SP8888/HW_5/issues{/number}", "pulls_url": "https://api.github.com/repos/SP8888/HW_5/pulls{/number}", "milestones_url": "https://api.github.com/repos/SP8888/HW_5/milestones{/number}", "notifications_url": "https://api.github.com/repos/SP8888/HW_5/notifications{?since,all,participating}", "labels_url": "https://api.github.com/repos/SP8888/HW_5/labels{/name}", "releases_url": "https://api.github.com/repos/SP8888/HW_5/releases{/id}", "deployments_url": "https://api.github.com/repos/SP8888/HW_5/deployments", "created_at": "2020-01-28T11:39:11Z", "updated_at": "2020-03-08T17:15:35Z", "pushed_at": "2020-03-08T17:15:33Z", "git_url": "git://github.com/SP8888/HW_5.git", "ssh_url": "git@github.com:SP8888/HW_5.git", "clone_url": "https://github.com/SP8888/HW_5.git", "svn_url": "https://github.com/SP8888/HW_5", "homepage": null, "size": 7, "stargazers_count": 0, "watchers_count": 0, "language": "TSQL", "has_issues": true, "has_projects": true, "has_downloads": true, "has_wiki": true, "has_pages": false, "forks_count": 0, "mirror_url": null, "archived": false, "disabled": false, "open_issues_count": 0, "license": null, "forks": 0, "open_issues": 0, "watchers": 0, "default_branch": "master"}, {"id": 245855363, "node_id": "MDEwOlJlcG9zaXRvcnkyNDU4NTUzNjM=", "name": "HW_5_DB", "full_name": "SP8888/HW_5_DB", "private": false, "owner": {"login": "SP8888", "id": 56366931, "node_id": "MDQ6VXNlcjU2MzY2OTMx", "avatar_url": "https://avatars0.githubusercontent.com/u/56366931?v=4", "gravatar_id": "", "url": "https://api.github.com/users/SP8888", "html_url": "https://github.com/SP8888", "followers_url": "https://api.github.com/users/SP8888/followers", "following_url": "https://api.github.com/users/SP8888/following{/other_user}", "gists_url": "https://api.github.com/users/SP8888/gists{/gist_id}", "starred_url": "https://api.github.com/users/SP8888/starred{/owner}{/repo}", "subscriptions_url": "https://api.github.com/users/SP8888/subscriptions", "organizations_url": "https://api.github.com/users/SP8888/orgs", "repos_url": "https://api.github.com/users/SP8888/repos", "events_url": "https://api.github.com/users/SP8888/events{/privacy}", "received_events_url": "https://api.github.com/users/SP8888/received_events", "type": "User", "site_admin": false}, "html_url": "https://github.com/SP8888/HW_5_DB", "description": null, "fork": false, "url": "https://api.github.com/repos/SP8888/HW_5_DB", "forks_url": "https://api.github.com/repos/SP8888/HW_5_DB/forks", "keys_url": "https://api.github.com/repos/SP8888/HW_5_DB/keys{/key_id}", "collaborators_url": "https://api.github.com/repos/SP8888/HW_5_DB/collaborators{/collaborator}", "teams_url": "https://api.github.com/repos/SP8888/HW_5_DB/teams", "hooks_url": "https://api.github.com/repos/SP8888/HW_5_DB/hooks", "issue_events_url": "https://api.github.com/repos/SP8888/HW_5_DB/issues/events{/number}", "events_url": "https://api.github.com/repos/SP8888/HW_5_DB/events", "assignees_url": "https://api.github.com/repos/SP8888/HW_5_DB/assignees{/user}", "branches_url": "https://api.github.com/repos/SP8888/HW_5_DB/branches{/branch}", "tags_url": "https://api.github.com/repos/SP8888/HW_5_DB/tags", "blobs_url": "https://api.github.com/repos/SP8888/HW_5_DB/git/blobs{/sha}", "git_tags_url": "https://api.github.com/repos/SP8888/HW_5_DB/git/tags{/sha}", "git_refs_url": "https://api.github.com/repos/SP8888/HW_5_DB/git/refs{/sha}", "trees_url": "https://api.github.com/repos/SP8888/HW_5_DB/git/trees{/sha}", "statuses_url": "https://api.github.com/repos/SP8888/HW_5_DB/statuses/{sha}", "languages_url": "https://api.github.com/repos/SP8888/HW_5_DB/languages", "stargazers_url": "https://api.github.com/repos/SP8888/HW_5_DB/stargazers", "contributors_url": "https://api.github.com/repos/SP8888/HW_5_DB/contributors", "subscribers_url": "https://api.github.com/repos/SP8888/HW_5_DB/subscribers", "subscription_url": "https://api.github.com/repos/SP8888/HW_5_DB/subscription", "commits_url": "https://api.github.com/repos/SP8888/HW_5_DB/commits{/sha}", "git_commits_url": "https://api.github.com/repos/SP8888/HW_5_DB/git/commits{/sha}", "comments_url": "https://api.github.com/repos/SP8888/HW_5_DB/comments{/number}", "issue_comment_url": "https://api.github.com/repos/SP8888/HW_5_DB/issues/comments{/number}", "contents_url": "https://api.github.com/repos/SP8888/HW_5_DB/contents/{+path}", "compare_url": "https://api.github.com/repos/SP8888/HW_5_DB/compare/{base}...{head}", "merges_url": "https://api.github.com/repos/SP8888/HW_5_DB/merges", "archive_url": "https://api.github.com/repos/SP8888/HW_5_DB/{archive_format}{/ref}", "downloads_url": "https://api.github.com/repos/SP8888/HW_5_DB/downloads", "issues_url": "https://api.github.com/repos/SP8888/HW_5_DB/issues{/number}", "pulls_url": "https://api.github.com/repos/SP8888/HW_5_DB/pulls{/number}", "milestones_url": "https://api.github.com/repos/SP8888/HW_5_DB/milestones{/number}", "notifications_url": "https://api.github.com/repos/SP8888/HW_5_DB/notifications{?since,all,participating}", "labels_url": "https://api.github.com/repos/SP8888/HW_5_DB/labels{/name}", "releases_url": "https://api.github.com/repos/SP8888/HW_5_DB/releases{/id}", "deployments_url": "https://api.github.com/repos/SP8888/HW_5_DB/deployments", "created_at": "2020-03-08T17:13:29Z", "updated_at": "2020-03-08T18:53:10Z", "pushed_at": "2020-03-08T18:53:08Z", "git_url": "git://github.com/SP8888/HW_5_DB.git", "ssh_url": "git@github.com:SP8888/HW_5_DB.git", "clone_url": "https://github.com/SP8888/HW_5_DB.git", "svn_url": "https://github.com/SP8888/HW_5_DB", "homepage": null, "size": 4, "stargazers_count": 0, "watchers_count": 0, "language": "TSQL", "has_issues": true, "has_projects": true, "has_downloads": true, "has_wiki": true, "has_pages": false, "forks_count": 0, "mirror_url": null, "archived": false, "disabled": false, "open_issues_count": 0, "license": null, "forks": 0, "open_issues": 0, "watchers": 0, "default_branch": "master"}, {"id": 245867979, "node_id": "MDEwOlJlcG9zaXRvcnkyNDU4Njc5Nzk=", "name": "HW_5_db_8_marta", "full_name": "SP8888/HW_5_db_8_marta", "private": false, "owner": {"login": "SP8888", "id": 56366931, "node_id": "MDQ6VXNlcjU2MzY2OTMx", "avatar_url": "https://avatars0.githubusercontent.com/u/56366931?v=4", "gravatar_id": "", "url": "https://api.github.com/users/SP8888", "html_url": "https://github.com/SP8888", "followers_url": "https://api.github.com/users/SP8888/followers", "following_url": "https://api.github.com/users/SP8888/following{/other_user}", "gists_url": "https://api.github.com/users/SP8888/gists{/gist_id}", "starred_url": "https://api.github.com/users/SP8888/starred{/owner}{/repo}", "subscriptions_url": "https://api.github.com/users/SP8888/subscriptions", "organizations_url": "https://api.github.com/users/SP8888/orgs", "repos_url": "https://api.github.com/users/SP8888/repos", "events_url": "https://api.github.com/users/SP8888/events{/privacy}", "received_events_url": "https://api.github.com/users/SP8888/received_events", "type": "User", "site_admin": false}, "html_url": "https://github.com/SP8888/HW_5_db_8_marta", "description": null, "fork": false, "url": "https://api.github.com/repos/SP8888/HW_5_db_8_marta", "forks_url": "https://api.github.com/repos/SP8888/HW_5_db_8_marta/forks", "keys_url": "https://api.github.com/repos/SP8888/HW_5_db_8_marta/keys{/key_id}", "collaborators_url": "https://api.github.com/repos/SP8888/HW_5_db_8_marta/collaborators{/collaborator}", "teams_url": "https://api.github.com/repos/SP8888/HW_5_db_8_marta/teams", "hooks_url": "https://api.github.com/repos/SP8888/HW_5_db_8_marta/hooks", "issue_events_url": "https://api.github.com/repos/SP8888/HW_5_db_8_marta/issues/events{/number}", "events_url": "https://api.github.com/repos/SP8888/HW_5_db_8_marta/events", "assignees_url": "https://api.github.com/repos/SP8888/HW_5_db_8_marta/assignees{/user}", "branches_url": "https://api.github.com/repos/SP8888/HW_5_db_8_marta/branches{/branch}", "tags_url": "https://api.github.com/repos/SP8888/HW_5_db_8_marta/tags", "blobs_url": "https://api.github.com/repos/SP8888/HW_5_db_8_marta/git/blobs{/sha}", "git_tags_url": "https://api.github.com/repos/SP8888/HW_5_db_8_marta/git/tags{/sha}", "git_refs_url": "https://api.github.com/repos/SP8888/HW_5_db_8_marta/git/refs{/sha}", "trees_url": "https://api.github.com/repos/SP8888/HW_5_db_8_marta/git/trees{/sha}", "statuses_url": "https://api.github.com/repos/SP8888/HW_5_db_8_marta/statuses/{sha}", "languages_url": "https://api.github.com/repos/SP8888/HW_5_db_8_marta/languages", "stargazers_url": "https://api.github.com/repos/SP8888/HW_5_db_8_marta/stargazers", "contributors_url": "https://api.github.com/repos/SP8888/HW_5_db_8_marta/contributors", "subscribers_url": "https://api.github.com/repos/SP8888/HW_5_db_8_marta/subscribers", "subscription_url": "https://api.github.com/repos/SP8888/HW_5_db_8_marta/subscription", "commits_url": "https://api.github.com/repos/SP8888/HW_5_db_8_marta/commits{/sha}", "git_commits_url": "https://api.github.com/repos/SP8888/HW_5_db_8_marta/git/commits{/sha}", "comments_url": "https://api.github.com/repos/SP8888/HW_5_db_8_marta/comments{/number}", "issue_comment_url": "https://api.github.com/repos/SP8888/HW_5_db_8_marta/issues/comments{/number}", "contents_url": "https://api.github.com/repos/SP8888/HW_5_db_8_marta/contents/{+path}", "compare_url": "https://api.github.com/repos/SP8888/HW_5_db_8_marta/compare/{base}...{head}", "merges_url": "https://api.github.com/repos/SP8888/HW_5_db_8_marta/merges", "archive_url": "https://api.github.com/repos/SP8888/HW_5_db_8_marta/{archive_format}{/ref}", "downloads_url": "https://api.github.com/repos/SP8888/HW_5_db_8_marta/downloads", "issues_url": "https://api.github.com/repos/SP8888/HW_5_db_8_marta/issues{/number}", "pulls_url": "https://api.github.com/repos/SP8888/HW_5_db_8_marta/pulls{/number}", "milestones_url": "https://api.github.com/repos/SP8888/HW_5_db_8_marta/milestones{/number}", "notifications_url": "https://api.github.com/repos/SP8888/HW_5_db_8_marta/notifications{?since,all,participating}", "labels_url": "https://api.github.com/repos/SP8888/HW_5_db_8_marta/labels{/name}", "releases_url": "https://api.github.com/repos/SP8888/HW_5_db_8_marta/releases{/id}", "deployments_url": "https://api.github.com/repos/SP8888/HW_5_db_8_marta/deployments", "created_at": "2020-03-08T18:39:04Z", "updated_at": "2020-03-08T18:39:04Z", "pushed_at": "2020-03-08T18:39:05Z", "git_url": "git://github.com/SP8888/HW_5_db_8_marta.git", "ssh_url": "git@github.com:SP8888/HW_5_db_8_marta.git", "clone_url": "https://github.com/SP8888/HW_5_db_8_marta.git", "svn_url": "https://github.com/SP8888/HW_5_db_8_marta", "homepage": null, "size": 0, "stargazers_count": 0, "watchers_count": 0, "language": null, "has_issues": true, "has_projects": true, "has_downloads": true, "has_wiki": true, "has_pages": false, "forks_count": 0, "mirror_url": null, "archived": false, "disabled": false, "open_issues_count": 0, "license": null, "forks": 0, "open_issues": 0, "watchers": 0, "default_branch": "master"}, {"id": 247367130, "node_id": "MDEwOlJlcG9zaXRvcnkyNDczNjcxMzA=", "name": "HW_6", "full_name": "SP8888/HW_6", "private": false, "owner": {"login": "SP8888", "id": 56366931, "node_id": "MDQ6VXNlcjU2MzY2OTMx", "avatar_url": "https://avatars0.githubusercontent.com/u/56366931?v=4", "gravatar_id": "", "url": "https://api.github.com/users/SP8888", "html_url": "https://github.com/SP8888", "followers_url": "https://api.github.com/users/SP8888/followers", "following_url": "https://api.github.com/users/SP8888/following{/other_user}", "gists_url": "https://api.github.com/users/SP8888/gists{/gist_id}", "starred_url": "https://api.github.com/users/SP8888/starred{/owner}{/repo}", "subscriptions_url": "https://api.github.com/users/SP8888/subscriptions", "organizations_url": "https://api.github.com/users/SP8888/orgs", "repos_url": "https://api.github.com/users/SP8888/repos", "events_url": "https://api.github.com/users/SP8888/events{/privacy}", "received_events_url": "https://api.github.com/users/SP8888/received_events", "type": "User", "site_admin": false}, "html_url": "https://github.com/SP8888/HW_6", "description": null, "fork": false, "url": "https://api.github.com/repos/SP8888/HW_6", "forks_url": "https://api.github.com/repos/SP8888/HW_6/forks", "keys_url": "https://api.github.com/repos/SP8888/HW_6/keys{/key_id}", "collaborators_url": "https://api.github.com/repos/SP8888/HW_6/collaborators{/collaborator}", "teams_url": "https://api.github.com/repos/SP8888/HW_6/teams", "hooks_url": "https://api.github.com/repos/SP8888/HW_6/hooks", "issue_events_url": "https://api.github.com/repos/SP8888/HW_6/issues/events{/number}", "events_url": "https://api.github.com/repos/SP8888/HW_6/events", "assignees_url": "https://api.github.com/repos/SP8888/HW_6/assignees{/user}", "branches_url": "https://api.github.com/repos/SP8888/HW_6/branches{/branch}", "tags_url": "https://api.github.com/repos/SP8888/HW_6/tags", "blobs_url": "https://api.github.com/repos/SP8888/HW_6/git/blobs{/sha}", "git_tags_url": "https://api.github.com/repos/SP8888/HW_6/git/tags{/sha}", "git_refs_url": "https://api.github.com/repos/SP8888/HW_6/git/refs{/sha}", "trees_url": "https://api.github.com/repos/SP8888/HW_6/git/trees{/sha}", "statuses_url": "https://api.github.com/repos/SP8888/HW_6/statuses/{sha}", "languages_url": "https://api.github.com/repos/SP8888/HW_6/languages", "stargazers_url": "https://api.github.com/repos/SP8888/HW_6/stargazers", "contributors_url": "https://api.github.com/repos/SP8888/HW_6/contributors", "subscribers_url": "https://api.github.com/repos/SP8888/HW_6/subscribers", "subscription_url": "https://api.github.com/repos/SP8888/HW_6/subscription", "commits_url": "https://api.github.com/repos/SP8888/HW_6/commits{/sha}", "git_commits_url": "https://api.github.com/repos/SP8888/HW_6/git/commits{/sha}", "comments_url": "https://api.github.com/repos/SP8888/HW_6/comments{/number}", "issue_comment_url": "https://api.github.com/repos/SP8888/HW_6/issues/comments{/number}", "contents_url": "https://api.github.com/repos/SP8888/HW_6/contents/{+path}", "compare_url": "https://api.github.com/repos/SP8888/HW_6/compare/{base}...{head}", "merges_url": "https://api.github.com/repos/SP8888/HW_6/merges", "archive_url": "https://api.github.com/repos/SP8888/HW_6/{archive_format}{/ref}", "downloads_url": "https://api.github.com/repos/SP8888/HW_6/downloads", "issues_url": "https://api.github.com/repos/SP8888/HW_6/issues{/number}", "pulls_url": "https://api.github.com/repos/SP8888/HW_6/pulls{/number}", "milestones_url": "https://api.github.com/repos/SP8888/HW_6/milestones{/number}", "notifications_url": "https://api.github.com/repos/SP8888/HW_6/notifications{?since,all,participating}", "labels_url": "https://api.github.com/repos/SP8888/HW_6/labels{/name}", "releases_url": "https://api.github.com/repos/SP8888/HW_6/releases{/id}", "deployments_url": "https://api.github.com/repos/SP8888/HW_6/deployments", "created_at": "2020-03-14T23:07:10Z", "updated_at": "2020-03-14T23:07:48Z", "pushed_at": "2020-03-14T23:07:46Z", "git_url": "git://github.com/SP8888/HW_6.git", "ssh_url": "git@github.com:SP8888/HW_6.git", "clone_url": "https://github.com/SP8888/HW_6.git", "svn_url": "https://github.com/SP8888/HW_6", "homepage": null, "size": 1, "stargazers_count": 0, "watchers_count": 0, "language": null, "has_issues": true, "has_projects": true, "has_downloads": true, "has_wiki": true, "has_pages": false, "forks_count": 0, "mirror_url": null, "archived": false, "disabled": false, "open_issues_count": 0, "license": null, "forks": 0, "open_issues": 0, "watchers": 0, "default_branch": "master"}, {"id": 238060503, "node_id": "MDEwOlJlcG9zaXRvcnkyMzgwNjA1MDM=", "name": "HW_7", "full_name": "SP8888/HW_7", "private": false, "owner": {"login": "SP8888", "id": 56366931, "node_id": "MDQ6VXNlcjU2MzY2OTMx", "avatar_url": "https://avatars0.githubusercontent.com/u/56366931?v=4", "gravatar_id": "", "url": "https://api.github.com/users/SP8888", "html_url": "https://github.com/SP8888", "followers_url": "https://api.github.com/users/SP8888/followers", "following_url": "https://api.github.com/users/SP8888/following{/other_user}", "gists_url": "https://api.github.com/users/SP8888/gists{/gist_id}", "starred_url": "https://api.github.com/users/SP8888/starred{/owner}{/repo}", "subscriptions_url": "https://api.github.com/users/SP8888/subscriptions", "organizations_url": "https://api.github.com/users/SP8888/orgs", "repos_url": "https://api.github.com/users/SP8888/repos", "events_url": "https://api.github.com/users/SP8888/events{/privacy}", "received_events_url": "https://api.github.com/users/SP8888/received_events", "type": "User", "site_admin": false}, "html_url": "https://github.com/SP8888/HW_7", "description": null, "fork": false, "url": "https://api.github.com/repos/SP8888/HW_7", "forks_url": "https://api.github.com/repos/SP8888/HW_7/forks", "keys_url": "https://api.github.com/repos/SP8888/HW_7/keys{/key_id}", "collaborators_url": "https://api.github.com/repos/SP8888/HW_7/collaborators{/collaborator}", "teams_url": "https://api.github.com/repos/SP8888/HW_7/teams", "hooks_url": "https://api.github.com/repos/SP8888/HW_7/hooks", "issue_events_url": "https://api.github.com/repos/SP8888/HW_7/issues/events{/number}", "events_url": "https://api.github.com/repos/SP8888/HW_7/events", "assignees_url": "https://api.github.com/repos/SP8888/HW_7/assignees{/user}", "branches_url": "https://api.github.com/repos/SP8888/HW_7/branches{/branch}", "tags_url": "https://api.github.com/repos/SP8888/HW_7/tags", "blobs_url": "https://api.github.com/repos/SP8888/HW_7/git/blobs{/sha}", "git_tags_url": "https://api.github.com/repos/SP8888/HW_7/git/tags{/sha}", "git_refs_url": "https://api.github.com/repos/SP8888/HW_7/git/refs{/sha}", "trees_url": "https://api.github.com/repos/SP8888/HW_7/git/trees{/sha}", "statuses_url": "https://api.github.com/repos/SP8888/HW_7/statuses/{sha}", "languages_url": "https://api.github.com/repos/SP8888/HW_7/languages", "stargazers_url": "https://api.github.com/repos/SP8888/HW_7/stargazers", "contributors_url": "https://api.github.com/repos/SP8888/HW_7/contributors", "subscribers_url": "https://api.github.com/repos/SP8888/HW_7/subscribers", "subscription_url": "https://api.github.com/repos/SP8888/HW_7/subscription", "commits_url": "https://api.github.com/repos/SP8888/HW_7/commits{/sha}", "git_commits_url": "https://api.github.com/repos/SP8888/HW_7/git/commits{/sha}", "comments_url": "https://api.github.com/repos/SP8888/HW_7/comments{/number}", "issue_comment_url": "https://api.github.com/repos/SP8888/HW_7/issues/comments{/number}", "contents_url": "https://api.github.com/repos/SP8888/HW_7/contents/{+path}", "compare_url": "https://api.github.com/repos/SP8888/HW_7/compare/{base}...{head}", "merges_url": "https://api.github.com/repos/SP8888/HW_7/merges", "archive_url": "https://api.github.com/repos/SP8888/HW_7/{archive_format}{/ref}", "downloads_url": "https://api.github.com/repos/SP8888/HW_7/downloads", "issues_url": "https://api.github.com/repos/SP8888/HW_7/issues{/number}", "pulls_url": "https://api.github.com/repos/SP8888/HW_7/pulls{/number}", "milestones_url": "https://api.github.com/repos/SP8888/HW_7/milestones{/number}", "notifications_url": "https://api.github.com/repos/SP8888/HW_7/notifications{?since,all,participating}", "labels_url": "https://api.github.com/repos/SP8888/HW_7/labels{/name}", "releases_url": "https://api.github.com/repos/SP8888/HW_7/releases{/id}", "deployments_url": "https://api.github.com/repos/SP8888/HW_7/deployments", "created_at": "2020-02-03T20:57:04Z", "updated_at": "2020-02-03T21:05:28Z", "pushed_at": "2020-02-03T21:05:26Z", "git_url": "git://github.com/SP8888/HW_7.git", "ssh_url": "git@github.com:SP8888/HW_7.git", "clone_url": "https://github.com/SP8888/HW_7.git", "svn_url": "https://github.com/SP8888/HW_7", "homepage": null, "size": 1, "stargazers_count": 0, "watchers_count": 0, "language": "TSQL", "has_issues": true, "has_projects": true, "has_downloads": true, "has_wiki": true, "has_pages": false, "forks_count": 0, "mirror_url": null, "archived": false, "disabled": false, "open_issues_count": 0, "license": null, "forks": 0, "open_issues": 0, "watchers": 0, "default_branch": "master"}, {"id": 247555132, "node_id": "MDEwOlJlcG9zaXRvcnkyNDc1NTUxMzI=", "name": "HW_7_1", "full_name": "SP8888/HW_7_1", "private": false, "owner": {"login": "SP8888", "id": 56366931, "node_id": "MDQ6VXNlcjU2MzY2OTMx", "avatar_url": "https://avatars0.githubusercontent.com/u/56366931?v=4", "gravatar_id": "", "url": "https://api.github.com/users/SP8888", "html_url": "https://github.com/SP8888", "followers_url": "https://api.github.com/users/SP8888/followers", "following_url": "https://api.github.com/users/SP8888/following{/other_user}", "gists_url": "https://api.github.com/users/SP8888/gists{/gist_id}", "starred_url": "https://api.github.com/users/SP8888/starred{/owner}{/repo}", "subscriptions_url": "https://api.github.com/users/SP8888/subscriptions", "organizations_url": "https://api.github.com/users/SP8888/orgs", "repos_url": "https://api.github.com/users/SP8888/repos", "events_url": "https://api.github.com/users/SP8888/events{/privacy}", "received_events_url": "https://api.github.com/users/SP8888/received_events", "type": "User", "site_admin": false}, "html_url": "https://github.com/SP8888/HW_7_1", "description": null, "fork": false, "url": "https://api.github.com/repos/SP8888/HW_7_1", "forks_url": "https://api.github.com/repos/SP8888/HW_7_1/forks", "keys_url": "https://api.github.com/repos/SP8888/HW_7_1/keys{/key_id}", "collaborators_url": "https://api.github.com/repos/SP8888/HW_7_1/collaborators{/collaborator}", "teams_url": "https://api.github.com/repos/SP8888/HW_7_1/teams", "hooks_url": "https://api.github.com/repos/SP8888/HW_7_1/hooks", "issue_events_url": "https://api.github.com/repos/SP8888/HW_7_1/issues/events{/number}", "events_url": "https://api.github.com/repos/SP8888/HW_7_1/events", "assignees_url": "https://api.github.com/repos/SP8888/HW_7_1/assignees{/user}", "branches_url": "https://api.github.com/repos/SP8888/HW_7_1/branches{/branch}", "tags_url": "https://api.github.com/repos/SP8888/HW_7_1/tags", "blobs_url": "https://api.github.com/repos/SP8888/HW_7_1/git/blobs{/sha}", "git_tags_url": "https://api.github.com/repos/SP8888/HW_7_1/git/tags{/sha}", "git_refs_url": "https://api.github.com/repos/SP8888/HW_7_1/git/refs{/sha}", "trees_url": "https://api.github.com/repos/SP8888/HW_7_1/git/trees{/sha}", "statuses_url": "https://api.github.com/repos/SP8888/HW_7_1/statuses/{sha}", "languages_url": "https://api.github.com/repos/SP8888/HW_7_1/languages", "stargazers_url": "https://api.github.com/repos/SP8888/HW_7_1/stargazers", "contributors_url": "https://api.github.com/repos/SP8888/HW_7_1/contributors", "subscribers_url": "https://api.github.com/repos/SP8888/HW_7_1/subscribers", "subscription_url": "https://api.github.com/repos/SP8888/HW_7_1/subscription", "commits_url": "https://api.github.com/repos/SP8888/HW_7_1/commits{/sha}", "git_commits_url": "https://api.github.com/repos/SP8888/HW_7_1/git/commits{/sha}", "comments_url": "https://api.github.com/repos/SP8888/HW_7_1/comments{/number}", "issue_comment_url": "https://api.github.com/repos/SP8888/HW_7_1/issues/comments{/number}", "contents_url": "https://api.github.com/repos/SP8888/HW_7_1/contents/{+path}", "compare_url": "https://api.github.com/repos/SP8888/HW_7_1/compare/{base}...{head}", "merges_url": "https://api.github.com/repos/SP8888/HW_7_1/merges", "archive_url": "https://api.github.com/repos/SP8888/HW_7_1/{archive_format}{/ref}", "downloads_url": "https://api.github.com/repos/SP8888/HW_7_1/downloads", "issues_url": "https://api.github.com/repos/SP8888/HW_7_1/issues{/number}", "pulls_url": "https://api.github.com/repos/SP8888/HW_7_1/pulls{/number}", "milestones_url": "https://api.github.com/repos/SP8888/HW_7_1/milestones{/number}", "notifications_url": "https://api.github.com/repos/SP8888/HW_7_1/notifications{?since,all,participating}", "labels_url": "https://api.github.com/repos/SP8888/HW_7_1/labels{/name}", "releases_url": "https://api.github.com/repos/SP8888/HW_7_1/releases{/id}", "deployments_url": "https://api.github.com/repos/SP8888/HW_7_1/deployments", "created_at": "2020-03-15T21:31:08Z", "updated_at": "2020-03-15T21:31:39Z", "pushed_at": "2020-03-15T21:31:37Z", "git_url": "git://github.com/SP8888/HW_7_1.git", "ssh_url": "git@github.com:SP8888/HW_7_1.git", "clone_url": "https://github.com/SP8888/HW_7_1.git", "svn_url": "https://github.com/SP8888/HW_7_1", "homepage": null, "size": 1, "stargazers_count": 0, "watchers_count": 0, "language": "TSQL", "has_issues": true, "has_projects": true, "has_downloads": true, "has_wiki": true, "has_pages": false, "forks_count": 0, "mirror_url": null, "archived": false, "disabled": false, "open_issues_count": 0, "license": null, "forks": 0, "open_issues": 0, "watchers": 0, "default_branch": "master"}, {"id": 248345625, "node_id": "MDEwOlJlcG9zaXRvcnkyNDgzNDU2MjU=", "name": "HW_8", "full_name": "SP8888/HW_8", "private": false, "owner": {"login": "SP8888", "id": 56366931, "node_id": "MDQ6VXNlcjU2MzY2OTMx", "avatar_url": "https://avatars0.githubusercontent.com/u/56366931?v=4", "gravatar_id": "", "url": "https://api.github.com/users/SP8888", "html_url": "https://github.com/SP8888", "followers_url": "https://api.github.com/users/SP8888/followers", "following_url": "https://api.github.com/users/SP8888/following{/other_user}", "gists_url": "https://api.github.com/users/SP8888/gists{/gist_id}", "starred_url": "https://api.github.com/users/SP8888/starred{/owner}{/repo}", "subscriptions_url": "https://api.github.com/users/SP8888/subscriptions", "organizations_url": "https://api.github.com/users/SP8888/orgs", "repos_url": "https://api.github.com/users/SP8888/repos", "events_url": "https://api.github.com/users/SP8888/events{/privacy}", "received_events_url": "https://api.github.com/users/SP8888/received_events", "type": "User", "site_admin": false}, "html_url": "https://github.com/SP8888/HW_8", "description": null, "fork": false, "url": "https://api.github.com/repos/SP8888/HW_8", "forks_url": "https://api.github.com/repos/SP8888/HW_8/forks", "keys_url": "https://api.github.com/repos/SP8888/HW_8/keys{/key_id}", "collaborators_url": "https://api.github.com/repos/SP8888/HW_8/collaborators{/collaborator}", "teams_url": "https://api.github.com/repos/SP8888/HW_8/teams", "hooks_url": "https://api.github.com/repos/SP8888/HW_8/hooks", "issue_events_url": "https://api.github.com/repos/SP8888/HW_8/issues/events{/number}", "events_url": "https://api.github.com/repos/SP8888/HW_8/events", "assignees_url": "https://api.github.com/repos/SP8888/HW_8/assignees{/user}", "branches_url": "https://api.github.com/repos/SP8888/HW_8/branches{/branch}", "tags_url": "https://api.github.com/repos/SP8888/HW_8/tags", "blobs_url": "https://api.github.com/repos/SP8888/HW_8/git/blobs{/sha}", "git_tags_url": "https://api.github.com/repos/SP8888/HW_8/git/tags{/sha}", "git_refs_url": "https://api.github.com/repos/SP8888/HW_8/git/refs{/sha}", "trees_url": "https://api.github.com/repos/SP8888/HW_8/git/trees{/sha}", "statuses_url": "https://api.github.com/repos/SP8888/HW_8/statuses/{sha}", "languages_url": "https://api.github.com/repos/SP8888/HW_8/languages", "stargazers_url": "https://api.github.com/repos/SP8888/HW_8/stargazers", "contributors_url": "https://api.github.com/repos/SP8888/HW_8/contributors", "subscribers_url": "https://api.github.com/repos/SP8888/HW_8/subscribers", "subscription_url": "https://api.github.com/repos/SP8888/HW_8/subscription", "commits_url": "https://api.github.com/repos/SP8888/HW_8/commits{/sha}", "git_commits_url": "https://api.github.com/repos/SP8888/HW_8/git/commits{/sha}", "comments_url": "https://api.github.com/repos/SP8888/HW_8/comments{/number}", "issue_comment_url": "https://api.github.com/repos/SP8888/HW_8/issues/comments{/number}", "contents_url": "https://api.github.com/repos/SP8888/HW_8/contents/{+path}", "compare_url": "https://api.github.com/repos/SP8888/HW_8/compare/{base}...{head}", "merges_url": "https://api.github.com/repos/SP8888/HW_8/merges", "archive_url": "https://api.github.com/repos/SP8888/HW_8/{archive_format}{/ref}", "downloads_url": "https://api.github.com/repos/SP8888/HW_8/downloads", "issues_url": "https://api.github.com/repos/SP8888/HW_8/issues{/number}", "pulls_url": "https://api.github.com/repos/SP8888/HW_8/pulls{/number}", "milestones_url": "https://api.github.com/repos/SP8888/HW_8/milestones{/number}", "notifications_url": "https://api.github.com/repos/SP8888/HW_8/notifications{?since,all,participating}", "labels_url": "https://api.github.com/repos/SP8888/HW_8/labels{/name}", "releases_url": "https://api.github.com/repos/SP8888/HW_8/releases{/id}", "deployments_url": "https://api.github.com/repos/SP8888/HW_8/deployments", "created_at": "2020-03-18T21:20:40Z", "updated_at": "2020-03-18T21:22:25Z", "pushed_at": "2020-03-18T21:22:23Z", "git_url": "git://github.com/SP8888/HW_8.git", "ssh_url": "git@github.com:SP8888/HW_8.git", "clone_url": "https://github.com/SP8888/HW_8.git", "svn_url": "https://github.com/SP8888/HW_8", "homepage": null, "size": 876, "stargazers_count": 0, "watchers_count": 0, "language": null, "has_issues": true, "has_projects": true, "has_downloads": true, "has_wiki": true, "has_pages": false, "forks_count": 0, "mirror_url": null, "archived": false, "disabled": false, "open_issues_count": 0, "license": null, "forks": 0, "open_issues": 0, "watchers": 0, "default_branch": "master"}, {"id": 249783961, "node_id": "MDEwOlJlcG9zaXRvcnkyNDk3ODM5NjE=", "name": "HW_9", "full_name": "SP8888/HW_9", "private": false, "owner": {"login": "SP8888", "id": 56366931, "node_id": "MDQ6VXNlcjU2MzY2OTMx", "avatar_url": "https://avatars0.githubusercontent.com/u/56366931?v=4", "gravatar_id": "", "url": "https://api.github.com/users/SP8888", "html_url": "https://github.com/SP8888", "followers_url": "https://api.github.com/users/SP8888/followers", "following_url": "https://api.github.com/users/SP8888/following{/other_user}", "gists_url": "https://api.github.com/users/SP8888/gists{/gist_id}", "starred_url": "https://api.github.com/users/SP8888/starred{/owner}{/repo}", "subscriptions_url": "https://api.github.com/users/SP8888/subscriptions", "organizations_url": "https://api.github.com/users/SP8888/orgs", "repos_url": "https://api.github.com/users/SP8888/repos", "events_url": "https://api.github.com/users/SP8888/events{/privacy}", "received_events_url": "https://api.github.com/users/SP8888/received_events", "type": "User", "site_admin": false}, "html_url": "https://github.com/SP8888/HW_9", "description": null, "fork": false, "url": "https://api.github.com/repos/SP8888/HW_9", "forks_url": "https://api.github.com/repos/SP8888/HW_9/forks", "keys_url": "https://api.github.com/repos/SP8888/HW_9/keys{/key_id}", "collaborators_url": "https://api.github.com/repos/SP8888/HW_9/collaborators{/collaborator}", "teams_url": "https://api.github.com/repos/SP8888/HW_9/teams", "hooks_url": "https://api.github.com/repos/SP8888/HW_9/hooks", "issue_events_url": "https://api.github.com/repos/SP8888/HW_9/issues/events{/number}", "events_url": "https://api.github.com/repos/SP8888/HW_9/events", "assignees_url": "https://api.github.com/repos/SP8888/HW_9/assignees{/user}", "branches_url": "https://api.github.com/repos/SP8888/HW_9/branches{/branch}", "tags_url": "https://api.github.com/repos/SP8888/HW_9/tags", "blobs_url": "https://api.github.com/repos/SP8888/HW_9/git/blobs{/sha}", "git_tags_url": "https://api.github.com/repos/SP8888/HW_9/git/tags{/sha}", "git_refs_url": "https://api.github.com/repos/SP8888/HW_9/git/refs{/sha}", "trees_url": "https://api.github.com/repos/SP8888/HW_9/git/trees{/sha}", "statuses_url": "https://api.github.com/repos/SP8888/HW_9/statuses/{sha}", "languages_url": "https://api.github.com/repos/SP8888/HW_9/languages", "stargazers_url": "https://api.github.com/repos/SP8888/HW_9/stargazers", "contributors_url": "https://api.github.com/repos/SP8888/HW_9/contributors", "subscribers_url": "https://api.github.com/repos/SP8888/HW_9/subscribers", "subscription_url": "https://api.github.com/repos/SP8888/HW_9/subscription", "commits_url": "https://api.github.com/repos/SP8888/HW_9/commits{/sha}", "git_commits_url": "https://api.github.com/repos/SP8888/HW_9/git/commits{/sha}", "comments_url": "https://api.github.com/repos/SP8888/HW_9/comments{/number}", "issue_comment_url": "https://api.github.com/repos/SP8888/HW_9/issues/comments{/number}", "contents_url": "https://api.github.com/repos/SP8888/HW_9/contents/{+path}", "compare_url": "https://api.github.com/repos/SP8888/HW_9/compare/{base}...{head}", "merges_url": "https://api.github.com/repos/SP8888/HW_9/merges", "archive_url": "https://api.github.com/repos/SP8888/HW_9/{archive_format}{/ref}", "downloads_url": "https://api.github.com/repos/SP8888/HW_9/downloads", "issues_url": "https://api.github.com/repos/SP8888/HW_9/issues{/number}", "pulls_url": "https://api.github.com/repos/SP8888/HW_9/pulls{/number}", "milestones_url": "https://api.github.com/repos/SP8888/HW_9/milestones{/number}", "notifications_url": "https://api.github.com/repos/SP8888/HW_9/notifications{?since,all,participating}", "labels_url": "https://api.github.com/repos/SP8888/HW_9/labels{/name}", "releases_url": "https://api.github.com/repos/SP8888/HW_9/releases{/id}", "deployments_url": "https://api.github.com/repos/SP8888/HW_9/deployments", "created_at": "2020-03-24T18:15:48Z", "updated_at": "2020-03-24T18:16:25Z", "pushed_at": "2020-03-24T18:16:22Z", "git_url": "git://github.com/SP8888/HW_9.git", "ssh_url": "git@github.com:SP8888/HW_9.git", "clone_url": "https://github.com/SP8888/HW_9.git", "svn_url": "https://github.com/SP8888/HW_9", "homepage": null, "size": 2, "stargazers_count": 0, "watchers_count": 0, "language": "TSQL", "has_issues": true, "has_projects": true, "has_downloads": true, "has_wiki": true, "has_pages": false, "forks_count": 0, "mirror_url": null, "archived": false, "disabled": false, "open_issues_count": 0, "license": null, "forks": 0, "open_issues": 0, "watchers": 0, "default_branch": "master"}, {"id": 270445054, "node_id": "MDEwOlJlcG9zaXRvcnkyNzA0NDUwNTQ=", "name": "Metody-sbora-inf", "full_name": "SP8888/Metody-sbora-inf", "private": false, "owner": {"login": "SP8888", "id": 56366931, "node_id": "MDQ6VXNlcjU2MzY2OTMx", "avatar_url": "https://avatars0.githubusercontent.com/u/56366931?v=4", "gravatar_id": "", "url": "https://api.github.com/users/SP8888", "html_url": "https://github.com/SP8888", "followers_url": "https://api.github.com/users/SP8888/followers", "following_url": "https://api.github.com/users/SP8888/following{/other_user}", "gists_url": "https://api.github.com/users/SP8888/gists{/gist_id}", "starred_url": "https://api.github.com/users/SP8888/starred{/owner}{/repo}", "subscriptions_url": "https://api.github.com/users/SP8888/subscriptions", "organizations_url": "https://api.github.com/users/SP8888/orgs", "repos_url": "https://api.github.com/users/SP8888/repos", "events_url": "https://api.github.com/users/SP8888/events{/privacy}", "received_events_url": "https://api.github.com/users/SP8888/received_events", "type": "User", "site_admin": false}, "html_url": "https://github.com/SP8888/Metody-sbora-inf", "description": null, "fork": false, "url": "https://api.github.com/repos/SP8888/Metody-sbora-inf", "forks_url": "https://api.github.com/repos/SP8888/Metody-sbora-inf/forks", "keys_url": "https://api.github.com/repos/SP8888/Metody-sbora-inf/keys{/key_id}", "collaborators_url": "https://api.github.com/repos/SP8888/Metody-sbora-inf/collaborators{/collaborator}", "teams_url": "https://api.github.com/repos/SP8888/Metody-sbora-inf/teams", "hooks_url": "https://api.github.com/repos/SP8888/Metody-sbora-inf/hooks", "issue_events_url": "https://api.github.com/repos/SP8888/Metody-sbora-inf/issues/events{/number}", "events_url": "https://api.github.com/repos/SP8888/Metody-sbora-inf/events", "assignees_url": "https://api.github.com/repos/SP8888/Metody-sbora-inf/assignees{/user}", "branches_url": "https://api.github.com/repos/SP8888/Metody-sbora-inf/branches{/branch}", "tags_url": "https://api.github.com/repos/SP8888/Metody-sbora-inf/tags", "blobs_url": "https://api.github.com/repos/SP8888/Metody-sbora-inf/git/blobs{/sha}", "git_tags_url": "https://api.github.com/repos/SP8888/Metody-sbora-inf/git/tags{/sha}", "git_refs_url": "https://api.github.com/repos/SP8888/Metody-sbora-inf/git/refs{/sha}", "trees_url": "https://api.github.com/repos/SP8888/Metody-sbora-inf/git/trees{/sha}", "statuses_url": "https://api.github.com/repos/SP8888/Metody-sbora-inf/statuses/{sha}", "languages_url": "https://api.github.com/repos/SP8888/Metody-sbora-inf/languages", "stargazers_url": "https://api.github.com/repos/SP8888/Metody-sbora-inf/stargazers", "contributors_url": "https://api.github.com/repos/SP8888/Metody-sbora-inf/contributors", "subscribers_url": "https://api.github.com/repos/SP8888/Metody-sbora-inf/subscribers", "subscription_url": "https://api.github.com/repos/SP8888/Metody-sbora-inf/subscription", "commits_url": "https://api.github.com/repos/SP8888/Metody-sbora-inf/commits{/sha}", "git_commits_url": "https://api.github.com/repos/SP8888/Metody-sbora-inf/git/commits{/sha}", "comments_url": "https://api.github.com/repos/SP8888/Metody-sbora-inf/comments{/number}", "issue_comment_url": "https://api.github.com/repos/SP8888/Metody-sbora-inf/issues/comments{/number}", "contents_url": "https://api.github.com/repos/SP8888/Metody-sbora-inf/contents/{+path}", "compare_url": "https://api.github.com/repos/SP8888/Metody-sbora-inf/compare/{base}...{head}", "merges_url": "https://api.github.com/repos/SP8888/Metody-sbora-inf/merges", "archive_url": "https://api.github.com/repos/SP8888/Metody-sbora-inf/{archive_format}{/ref}", "downloads_url": "https://api.github.com/repos/SP8888/Metody-sbora-inf/downloads", "issues_url": "https://api.github.com/repos/SP8888/Metody-sbora-inf/issues{/number}", "pulls_url": "https://api.github.com/repos/SP8888/Metody-sbora-inf/pulls{/number}", "milestones_url": "https://api.github.com/repos/SP8888/Metody-sbora-inf/milestones{/number}", "notifications_url": "https://api.github.com/repos/SP8888/Metody-sbora-inf/notifications{?since,all,participating}", "labels_url": "https://api.github.com/repos/SP8888/Metody-sbora-inf/labels{/name}", "releases_url": "https://api.github.com/repos/SP8888/Metody-sbora-inf/releases{/id}", "deployments_url": "https://api.github.com/repos/SP8888/Metody-sbora-inf/deployments", "created_at": "2020-06-07T22:04:08Z", "updated_at": "2020-06-07T22:05:03Z", "pushed_at": "2020-06-07T22:05:00Z", "git_url": "git://github.com/SP8888/Metody-sbora-inf.git", "ssh_url": "git@github.com:SP8888/Metody-sbora-inf.git", "clone_url": "https://github.com/SP8888/Metody-sbora-inf.git", "svn_url": "https://github.com/SP8888/Metody-sbora-inf", "homepage": null, "size": 1, "stargazers_count": 0, "watchers_count": 0, "language": "Jupyter Notebook", "has_issues": true, "has_projects": true, "has_downloads": true, "has_wiki": true, "has_pages": false, "forks_count": 0, "mirror_url": null, "archived": false, "disabled": false, "open_issues_count": 0, "license": null, "forks": 0, "open_issues": 0, "watchers": 0, "default_branch": "master"}]